#
# A fatal error has been detected by the Java Runtime Environment:
#
#  EXCEPTION_ACCESS_VIOLATION (0xc0000005) at pc=0x00000184cc010824, pid=1420, tid=18196
#
# JRE version: OpenJDK Runtime Environment (21.0.10) (build 21.0.10+-14961533-b1163.108)
# Java VM: OpenJDK 64-Bit Server VM (21.0.10+-14961533-b1163.108, mixed mode, tiered, compressed oops, compressed class ptrs, g1 gc, windows-amd64)
# Problematic frame:
# J 19863 c1 com.sun.org.apache.xml.internal.dtm.ref.dom2dtm.DOM2DTM.addNode(Lorg/w3c/dom/Node;III)I java.xml@21.0.10 (422 bytes) @ 0x00000184cc010824 [0x00000184cc0102a0+0x0000000000000584]
#
# No core dump will be written. Minidumps are not enabled by default on client versions of Windows
#
# If you would like to submit a bug report, please visit:
#   https://youtrack.jetbrains.com/issues/JBR
#

---------------  S U M M A R Y ------------

Command Line: --add-opens=java.base/java.lang=ALL-UNNAMED --add-opens=java.base/java.lang.invoke=ALL-UNNAMED --add-opens=java.base/java.util=ALL-UNNAMED --add-opens=java.prefs/java.util.prefs=ALL-UNNAMED --add-exports=jdk.compiler/com.sun.tools.javac.api=ALL-UNNAMED --add-exports=jdk.compiler/com.sun.tools.javac.util=ALL-UNNAMED --add-opens=java.base/java.util=ALL-UNNAMED --add-opens=java.prefs/java.util.prefs=ALL-UNNAMED --add-opens=java.base/java.nio.charset=ALL-UNNAMED --add-opens=java.base/java.net=ALL-UNNAMED --add-opens=java.base/java.util.concurrent=ALL-UNNAMED --add-opens=java.base/java.util.concurrent.atomic=ALL-UNNAMED --add-opens=java.xml/javax.xml.namespace=ALL-UNNAMED --add-opens=java.base/java.time=ALL-UNNAMED -Xmx2048m -Dfile.encoding=UTF-8 -Duser.country=BR -Duser.language=pt -Duser.variant -javaagent:C:\Users\Lucas\.gradle\wrapper\dists\gradle-9.3.1-bin\23ovyewtku6u96viwx3xl3oks\gradle-9.3.1\lib\agents\gradle-instrumentation-agent-9.3.1.jar org.gradle.launcher.daemon.bootstrap.GradleDaemon 9.3.1

Host: AMD Ryzen 5 5500                               , 12 cores, 15G,  Windows 10 , 64 bit Build 19041 (10.0.19041.5915)
Time: Tue May  5 15:48:27 2026 Hora Padrão de Buenos Aires elapsed time: 804.914360 seconds (0d 0h 13m 24s)

---------------  T H R E A D  ---------------

Current thread (0x00000184e5f0bfd0):  JavaThread "Execution worker Thread 6"        [_thread_in_Java, id=18196, stack(0x0000004560600000,0x0000004560700000) (1024K)]

Stack: [0x0000004560600000,0x0000004560700000],  sp=0x00000045606f9fb0,  free space=999k
Native frames: (J=compiled Java code, j=interpreted, Vv=VM code, C=native code)
C  0x00000184cc010824

The last pc belongs to nmethod (printed below).

siginfo: EXCEPTION_ACCESS_VIOLATION (0xc0000005), writing address 0x00000000000003d9


Registers:
RAX=0x000000009330f890, RBX=0x000000000000321c, RCX=0x00000184f0bdf0e0, RDX=0x00000000925b9698
RSP=0x00000045606f9fb0, RBP=0x00000045606fa0f0, RSI=0x00000184f09aa1b8, RDI=0x0000000000000148
R8 =0x00000184f0bdf0e0, R9 =0x0000000000000001, R10=0x00000001013f8648, R11=0x00000184cc0102c0
R12=0x0000000000000000, R13=0x00000045606fa080, R14=0x0000000000000000, R15=0x00000184e5f0bfd0
RIP=0x00000184cc010824, EFLAGS=0x0000000000010212

XMM[0]=0x0000000000000000 0x0000000000000000
XMM[1]=0x0000000000000000 0x0000000000000000
XMM[2]=0x0000000000000000 0x3ff6666666666666
XMM[3]=0x0000000000000000 0x0000000000000000
XMM[4]=0x0000000000000000 0x0000000000000000
XMM[5]=0x0000000000000000 0x0000000000000000
XMM[6]=0x0000000000000000 0x75b30c7040ae8190
XMM[7]=0x0000000000000000 0xdafe94a97845117f
XMM[8]=0x0000000000000000 0x0b3c73a1d2feee14
XMM[9]=0x0000000000000000 0x48927e92c1ac323c
XMM[10]=0x0000000000000000 0x000000007919b3aa
XMM[11]=0x0000000000000000 0xb308e43e74b5167a
XMM[12]=0x0000000000000000 0x00000000c1ac323c
XMM[13]=0x0000000000000000 0x0000000000000000
XMM[14]=0x0000000000000000 0x0000000000000000
XMM[15]=0x0000000000000000 0x0000000000000000
  MXCSR=0x00001fa0


Register to memory mapping:

RAX=0x000000009330f890 is an oop: java.lang.String 
{0x000000009330f890} - klass: 'java/lang/String'
 - string: "android:background"
 - ---- fields (total size 3 words):
 - private 'hash' 'I' @12  1974047513 (0x75a99319)
 - private final 'coder' 'B' @16  0 (0x00)
 - private 'hashIsZero' 'Z' @17  false (0x00)
 - injected 'flags' 'B' @18  0 (0x00)
 - private final 'value' '[B' @20  [B{0x000000009330f8a8} (0x9330f8a8)
RBX=0x000000000000321c is an unknown value
RCX=0x00000184f0bdf0e0 is pointing into metadata
RDX=0x00000000925b9698 is an oop: com.sun.org.apache.xerces.internal.dom.DeferredAttrImpl 
{0x00000000925b9698} - klass: 'com/sun/org/apache/xerces/internal/dom/DeferredAttrImpl'
 - ---- fields (total size 5 words):
 - protected 'flags' 'S' @12  172 (0x00ac)
 - protected 'ownerNode' 'Lcom/sun/org/apache/xerces/internal/dom/NodeImpl;' @16  a 'com/sun/org/apache/xerces/internal/dom/DeferredElementImpl'{0x00000000925b94e0} (0x925b94e0)
 - protected 'value' 'Ljava/lang/Object;' @20  null (0x00000000)
 - protected 'name' 'Ljava/lang/String;' @24  "android:background"{0x000000009330f890} (0x9330f890)
 - transient 'type' 'Ljava/lang/Object;' @28  null (0x00000000)
 - protected transient 'fNodeIndex' 'I' @32  3 (0x00000003)
RSP=0x00000045606f9fb0 is pointing into the stack for thread: 0x00000184e5f0bfd0
RBP=0x00000045606fa0f0 is pointing into the stack for thread: 0x00000184e5f0bfd0
RSI=0x00000184f09aa1b8 is pointing into metadata
RDI=0x0000000000000148 is an unknown value
R8 =0x00000184f0bdf0e0 is pointing into metadata
R9 =0x0000000000000001 is an unknown value
R10=0x00000001013f8648 is a pointer to class: 
com.sun.org.apache.xerces.internal.dom.DeferredAttrImpl {0x00000001013f8650}
 - instance size:     5
 - klass size:        218
 - access:            public final synchronized 
 - flags:             rewritten has_nonstatic_fields 
 - state:             fully_initialized
 - name:              'com/sun/org/apache/xerces/internal/dom/DeferredAttrImpl'
 - super:             'com/sun/org/apache/xerces/internal/dom/AttrImpl'
 - sub:               
 - arrays:            null
 - methods:           Array<T>(0x00000184f0bda768)
 - method ordering:   Array<T>(0x00000184e0000018)
 - local interfaces:  Array<T>(0x00000184f0bda758)
 - trans. interfaces: Array<T>(0x00000184f0bdab08)
 - secondary supers: Array<T>(0x00000184f0bdab78)
 - hash_slot:         22
 - bitmap:            0x0800020300000a81
 - constants:         constant pool [85] {0x00000184f0bda440} for 'com/sun/org/apache/xerces/internal/dom/DeferredAttrImpl' cache=0x00000184f0bdabc0
 - class loader data:  loader data: 0x00000184dfbf6980 of 'bootstrap'
 - inner classes:     Array<T>(0x00000184e0000028)
 - nest members:     Array<T>(0x00000184e0000028)
 - permitted subclasses:     Array<T>(0x00000184e0000028)
 - java mirror:       a 'java/lang/Class'{0x00000000933e2258} = 'com/sun/org/apache/xerces/internal/dom/DeferredAttrImpl'
 - vtable length      86  (start addr: 0x00000001013f8848)
 - itable length      67 (start addr: 0x00000001013f8af8)
 - ---- static fields (1 words):
 - static final 'serialVersionUID' 'J' @112 
 - ---- non-static fields (6 words):
 - protected 'flags' 'S' @12 
 - protected 'ownerNode' 'Lcom/sun/org/apache/xerces/internal/dom/NodeImpl;' @16 
 - protected 'value' 'Ljava/lang/Object;' @20 
 - protected 'name' 'Ljava/lang/String;' @24 
 - transient 'type' 'Ljava/lang/Object;' @28 
 - protected transient 'fNodeIndex' 'I' @32 
 - non-static oop maps: 16-28 
R11=0x00000184cc0102c0 is at entry_point+32 in (nmethod*)0x00000184cc00fe90
Compiled method (c1) 804924 19863   !   3       com.sun.org.apache.xml.internal.dtm.ref.dom2dtm.DOM2DTM::addNode (422 bytes)
 total in heap  [0x00000184cc00fe90,0x00000184cc0125a8] = 10008
 relocation     [0x00000184cc00fff0,0x00000184cc010298] = 680
 main code      [0x00000184cc0102a0,0x00000184cc011928] = 5768
 stub code      [0x00000184cc011928,0x00000184cc011b10] = 488
 oops           [0x00000184cc011b10,0x00000184cc011b18] = 8
 metadata       [0x00000184cc011b18,0x00000184cc011b68] = 80
 scopes data    [0x00000184cc011b68,0x00000184cc011fa8] = 1088
 scopes pcs     [0x00000184cc011fa8,0x00000184cc0123d8] = 1072
 dependencies   [0x00000184cc0123d8,0x00000184cc0123f0] = 24
 handler table  [0x00000184cc0123f0,0x00000184cc0124e0] = 240
 nul chk table  [0x00000184cc0124e0,0x00000184cc0125a8] = 200
R12=0x0 is null
R13=0x00000045606fa080 is pointing into the stack for thread: 0x00000184e5f0bfd0
R14=0x0 is null
R15=0x00000184e5f0bfd0 is a thread

Top of Stack: (sp=0x00000045606f9fb0)
0x00000045606f9fb0:   00000000925689a0 00000045606f9fb8
0x00000045606f9fc0:   00000184f0b38cfd 0000000000000008
0x00000045606f9fd0:   00000184f0b3a0f0 0000000000000000
0x00000045606f9fe0:   000000009330a150 00000184f0b38d08
0x00000045606f9ff0:   0000000000000000 00000000925b5ce8
0x00000045606fa000:   ffffffffffffffff 00000000925b9698
0x00000045606fa010:   0000000200000001 00000000925b94e0
0x00000045606fa020:   00000002ffffffff 00000000925b94e0
0x00000045606fa030:   0000000e00000001 0000000000000000
0x00000045606fa040:   0000000086be8b50 00000000925b8ab8
0x00000045606fa050:   00000184f07ee4b9 0000000000000002
0x00000045606fa060:   00000184f07f7ea0 0000000000000000
0x00000045606fa070:   00000045606fa0f0 00000184d2878976
0x00000045606fa080:   00000000ffffffff 00000000ffffffff
0x00000045606fa090:   0000000000000001 00000000925b9698
0x00000045606fa0a0:   00000000925b5ce8 00000045606fa0a8
0x00000045606fa0b0:   00000184f0bb497e 000000000000000c
0x00000045606fa0c0:   00000184f0bc12e8 0000000000000000
0x00000045606fa0d0:   00000000933cec90 00000184f0bb4a20
0x00000045606fa0e0:   00000045606fa080 00000045606fa150
0x00000045606fa0f0:   00000045606fa1a0 00000184d2878976
0x00000045606fa100:   0000000000000000 0000000000000009
0x00000045606fa110:   00000000925b9518 00000000ffffffff
0x00000045606fa120:   0000000000000001 0000000000000000
0x00000045606fa130:   0000000000000000 0000000000000001
0x00000045606fa140:   00000000925b94e0 00000000925689a0
0x00000045606fa150:   00000000925b5ce8 00000045606fa158
0x00000045606fa160:   00000184f0bbb4ad 0000000000000005
0x00000045606fa170:   00000184f0bbfde0 0000000000000000
0x00000045606fa180:   00000000933ceaf8 00000184f0bbb4e0
0x00000045606fa190:   00000045606fa150 00000045606fa1c0
0x00000045606fa1a0:   00000045606fa218 00000184d2878976 

Instructions: (pc=0x00000184cc010824)
0x00000184cc010724:   00 00 ff 82 68 03 00 00 e9 03 00 00 00 48 8b c6
0x00000184cc010734:   83 f8 02 48 ba e0 f0 bd f0 84 01 00 00 48 c7 c6
0x00000184cc010744:   80 03 00 00 75 07 48 c7 c6 90 03 00 00 48 8b 3c
0x00000184cc010754:   32 48 8d 7f 01 48 89 3c 32 0f 85 d5 01 00 00 89
0x00000184cc010764:   44 24 74 4c 8b 44 24 58 49 3b 00 49 8b d0 48 be
0x00000184cc010774:   e0 f0 bd f0 84 01 00 00 8b 52 08 48 c1 e2 03 48
0x00000184cc010784:   3b 96 b0 03 00 00 75 0d 48 83 86 b8 03 00 00 01
0x00000184cc010794:   e9 60 00 00 00 48 3b 96 c0 03 00 00 75 0d 48 83
0x00000184cc0107a4:   86 c8 03 00 00 01 e9 4a 00 00 00 48 83 be b0 03
0x00000184cc0107b4:   00 00 00 75 17 48 89 96 b0 03 00 00 48 c7 86 b8
0x00000184cc0107c4:   03 00 00 01 00 00 00 e9 29 00 00 00 48 83 be c0
0x00000184cc0107d4:   03 00 00 00 75 17 48 89 96 c0 03 00 00 48 c7 86
0x00000184cc0107e4:   c8 03 00 00 01 00 00 00 e9 08 00 00 00 48 83 86
0x00000184cc0107f4:   a0 03 00 00 01 49 8b d0 90 48 b8 48 86 3f 01 01
0x00000184cc010804:   00 00 00 e8 34 dd f7 ff 0f 1f 84 00 7c 09 00 05
0x00000184cc010814:   48 3b 00 4c 8b c0 49 b8 e0 f0 bd f0 84 01 00 00
0x00000184cc010824:   49 83 81 d8 03 00 00 01 49 b8 10 f6 62 e0 84 01
0x00000184cc010834:   00 00 45 8b 88 cc 00 00 00 41 83 c1 02 45 89 88
0x00000184cc010844:   cc 00 00 00 41 81 e1 fe ff 1f 00 45 85 c9 0f 84
0x00000184cc010854:   3e 0f 00 00 4c 8b c0 49 b9 10 f6 62 e0 84 01 00
0x00000184cc010864:   00 49 83 81 10 01 00 00 01 49 b8 88 9d be 86 00
0x00000184cc010874:   00 00 00 41 b9 00 00 00 00 48 8b d0 48 89 44 24
0x00000184cc010884:   78 66 90 e8 f4 e1 8a 06 0f 1f 84 00 fc 09 00 06
0x00000184cc010894:   83 e0 01 85 c0 49 b8 e0 f0 bd f0 84 01 00 00 48
0x00000184cc0108a4:   c7 c2 10 04 00 00 75 07 48 c7 c2 20 04 00 00 49
0x00000184cc0108b4:   8b 34 10 48 8d 76 01 49 89 34 10 0f 85 6e 00 00
0x00000184cc0108c4:   00 48 8b 44 24 78 4c 8b c0 48 ba e0 f0 bd f0 84
0x00000184cc0108d4:   01 00 00 48 83 82 30 04 00 00 01 49 b8 b8 9d be
0x00000184cc0108e4:   86 00 00 00 00 48 8b d0 66 66 90 e8 8c e1 8a 06
0x00000184cc0108f4:   0f 1f 84 00 64 0a 00 07 85 c0 49 b8 e0 f0 bd f0
0x00000184cc010904:   84 01 00 00 48 c7 c2 78 04 00 00 75 07 48 c7 c2
0x00000184cc010914:   68 04 00 00 49 8b 34 10 48 8d 76 01 49 89 34 10 


Stack slot to memory mapping:

stack at sp + 0 slots: 0x00000000925689a0 is an oop: com.sun.org.apache.xerces.internal.dom.DeferredDocumentImpl 
{0x00000000925689a0} - klass: 'com/sun/org/apache/xerces/internal/dom/DeferredDocumentImpl'
 - ---- fields (total size 23 words):
 - protected 'flags' 'S' @12  0 (0x0000)
 - protected 'ownerNode' 'Lcom/sun/org/apache/xerces/internal/dom/NodeImpl;' @16  null (0x00000000)
 - protected 'previousSibling' 'Lcom/sun/org/apache/xerces/internal/dom/ChildNode;' @20  null (0x00000000)
 - protected 'nextSibling' 'Lcom/sun/org/apache/xerces/internal/dom/ChildNode;' @24  null (0x00000000)
 - protected 'ownerDocument' 'Lcom/sun/org/apache/xerces/internal/dom/CoreDocumentImpl;' @28  a 'com/sun/org/apache/xerces/internal/dom/DeferredDocumentImpl'{0x00000000925689a0} (0x925689a0)
 - protected 'firstChild' 'Lcom/sun/org/apache/xerces/internal/dom/ChildNode;' @32  a 'com/sun/org/apache/xerces/internal/dom/DeferredElementImpl'{0x00000000925b94e0} (0x925b94e0)
 - protected transient 'fNodeListCache' 'Lcom/sun/org/apache/xerces/internal/dom/NodeListCache;' @36  null (0x00000000)
 - protected 'standalone' 'Z' @14  false (0x00)
 - protected 'allowGrammarAccess' 'Z' @15  false (0x00)
 - protected 'changes' 'I' @40  0 (0x00000000)
 - private 'documentNumber' 'I' @44  0 (0x00000000)
 - private 'nodeCounter' 'I' @48  0 (0x00000000)
 - protected 'errorChecking' 'Z' @52  true (0x01)
 - protected 'ancestorChecking' 'Z' @53  true (0x01)
 - protected 'xmlVersionChanged' 'Z' @54  false (0x00)
 - private 'xml11Version' 'Z' @55  false (0x00)
 - protected 'docType' 'Lcom/sun/org/apache/xerces/internal/dom/DocumentTypeImpl;' @56  null (0x00000000)
 - protected 'docElement' 'Lcom/sun/org/apache/xerces/internal/dom/ElementImpl;' @60  a 'com/sun/org/apache/xerces/internal/dom/DeferredElementImpl'{0x00000000925b94e0} (0x925b94e0)
 - transient 'fFreeNLCache' 'Lcom/sun/org/apache/xerces/internal/dom/NodeListCache;' @64  null (0x00000000)
 - protected 'encoding' 'Ljava/lang/String;' @68  "utf-8"{0x000000009256b058} (0x9256b058)
 - protected 'actualEncoding' 'Ljava/lang/String;' @72  "UTF-8"{0x0000000080847e70} (0x80847e70)
 - protected 'version' 'Ljava/lang/String;' @76  null (0x00000000)
 - protected 'fDocumentURI' 'Ljava/lang/String;' @80  "file:/E:/BDU/app/src/main/res/layout/pagamentos_boleto.xml"{0x0000000092561e80} (0x92561e80)
 - private 'nodeUserData' 'Ljava/util/Map;' @84  null (0x00000000)
 - protected 'identifiers' 'Ljava/util/Map;' @88  null (0x00000000)
 - transient 'domNormalizer' 'Lcom/sun/org/apache/xerces/internal/dom/DOMNormalizer;' @92  null (0x00000000)
 - transient 'fConfiguration' 'Lcom/sun/org/apache/xerces/internal/dom/DOMConfigurationImpl;' @96  null (0x00000000)
 - transient 'fXPathEvaluator' 'Ljava/lang/Object;' @100  null (0x00000000)
 - private 'nodeTable' 'Ljava/util/Map;' @104  null (0x00000000)
 - protected 'mutationEvents' 'Z' @108  false (0x00)
 - protected 'iterators' 'Ljava/util/List;' @112  null (0x00000000)
 - protected 'ranges' 'Ljava/util/List;' @116  null (0x00000000)
 - protected 'eventListeners' 'Ljava/util/Map;' @120  null (0x00000000)
 - 'savedEnclosingAttr' 'Lcom/sun/org/apache/xerces/internal/dom/DocumentImpl$EnclosingAttr;' @124  null (0x00000000)
 - protected 'fNamespacesEnabled' 'Z' @109  false (0x00)
 - protected transient 'fNodeCount' 'I' @128  146 (0x00000092)
 - protected transient 'fIdCount' 'I' @132  0 (0x00000000)
 - protected transient 'fNodeType' '[[I' @136  a {type array int}[32] {0x0000000092568ab8} (0x92568ab8)
 - protected transient 'fNodeName' '[[Ljava/lang/Object;' @140  a 'java/lang/Object'[][32] {0x0000000092568b48} (0x92568b48)
 - protected transient 'fNodeValue' '[[Ljava/lang/Object;' @144  a 'java/lang/Object'[][32] {0x0000000092568bd8} (0x92568bd8)
 - protected transient 'fNodeParent' '[[I' @148  a {type array int}[32] {0x0000000092568c68} (0x92568c68)
 - protected transient 'fNodeLastChild' '[[I' @152  a {type array int}[32] {0x0000000092568cf8} (0x92568cf8)
 - protected transient 'fNodePrevSib' '[[I' @156  a {type array int}[32] {0x0000000092568d88} (0x92568d88)
 - protected transient 'fNodeURI' '[[Ljava/lang/Object;' @160  a 'java/lang/Object'[][32] {0x0000000092568e18} (0x92568e18)
 - protected transient 'fNodeExtra' '[[I' @164  a {type array int}[32] {0x0000000092568ea8} (0x92568ea8)
 - protected transient 'fIdName' '[Ljava/lang/String;' @168  null (0x00000000)
 - protected transient 'fIdElement' '[I' @172  null (0x00000000)
 - private final transient 'fBufferStr' 'Ljava/lang/StringBuilder;' @176  a 'java/lang/StringBuilder'{0x0000000092568a68} (0x92568a68)
 - private final transient 'fStrChunks' 'Ljava/util/List;' @180  a 'java/util/ArrayList'{0x0000000092568aa0} (0x92568aa0)
stack at sp + 1 slots: 0x00000045606f9fb8 is pointing into the stack for thread: 0x00000184e5f0bfd0
stack at sp + 2 slots: 0x00000184f0b38cfd is pointing into metadata
stack at sp + 3 slots: 0x0000000000000008 is an unknown value
stack at sp + 4 slots: 0x00000184f0b3a0f0 is pointing into metadata
stack at sp + 5 slots: 0x0 is null
stack at sp + 6 slots: 0x000000009330a150 is an oop: java.lang.Class 
{0x000000009330a150} - klass: 'java/lang/Class'
 - ---- fields (total size 19 words):
 - private volatile transient 'classRedefinedCount' 'I' @12  0 (0x00000000)
 - injected 'klass' 'J' @16  4315786592 (0x00000001013dad60)
 - injected 'array_klass' 'J' @24  0 (0x0000000000000000)
 - injected 'oop_size' 'I' @32  19 (0x00000013)
 - injected 'static_oop_field_count' 'I' @36  1 (0x00000001)
 - private volatile transient 'cachedConstructor' 'Ljava/lang/reflect/Constructor;' @40  null (0x00000000)
 - private transient 'name' 'Ljava/lang/String;' @44  null (0x00000000)
 - private transient 'module' 'Ljava/lang/Module;' @48  a 'java/lang/Module'{0x00000000809a2838} (0x809a2838)
 - private final 'classLoader' 'Ljava/lang/ClassLoader;' @52  null (0x00000000)
 - private transient 'classData' 'Ljava/lang/Object;' @56  null (0x00000000)
 - private transient 'packageName' 'Ljava/lang/String;' @60  null (0x00000000)
 - private final 'componentType' 'Ljava/lang/Class;' @64  null (0x00000000)
 - private volatile transient 'reflectionData' 'Ljava/lang/ref/SoftReference;' @68  null (0x00000000)
 - private volatile transient 'genericInfo' 'Lsun/reflect/generics/repository/ClassRepository;' @72  null (0x00000000)
 - private volatile transient 'enumConstants' '[Ljava/lang/Object;' @76  null (0x00000000)
 - private volatile transient 'enumConstantDirectory' 'Ljava/util/Map;' @80  null (0x00000000)
 - private volatile transient 'annotationData' 'Ljava/lang/Class$AnnotationData;' @84  null (0x00000000)
 - private volatile transient 'annotationType' 'Lsun/reflect/annotation/AnnotationType;' @88  null (0x00000000)
 - transient 'classValueMap' 'Ljava/lang/ClassValue$ClassValueMap;' @92  null (0x00000000)
 - injected 'protection_domain' 'Ljava/lang/Object;' @96  null (0x00000000)
 - injected 'signers_name' 'Ljava/lang/Object;' @100  null (0x00000000)
 - injected 'source_file' 'Ljava/lang/Object;' @104  null (0x00000000)
 - injected '<init_lock>' 'Ljava/lang/Object;' @108  null (0x00000000)
 - signature: Lcom/sun/org/apache/xerces/internal/dom/DeferredDocumentImpl;
 - ---- static fields (1):
 - static final 'serialVersionUID' 'J' @120  5186323580749626857 (0x47f985d180d03de9)
 - private static final 'DEBUG_PRINT_REF_COUNTS' 'Z' @144  false (0x00)
 - private static final 'DEBUG_PRINT_TABLES' 'Z' @145  false (0x00)
 - private static final 'DEBUG_IDS' 'Z' @146  false (0x00)
 - protected static final 'CHUNK_SHIFT' 'I' @128  8 (0x00000008)
 - protected static final 'CHUNK_SIZE' 'I' @132  256 (0x00000100)
 - protected static final 'CHUNK_MASK' 'I' @136  255 (0x000000ff)
 - protected static final 'INITIAL_CHUNK_COUNT' 'I' @140  32 (0x00000020)
 - private static final 'INIT_ARRAY' '[I' @112  [I{0x000000009330a218} (0x9330a218)
stack at sp + 7 slots: {method} {0x00000184f0b38d10} 'synchronizeChildren' '()V' in 'com/sun/org/apache/xerces/internal/dom/DeferredDocumentImpl'


Compiled method (c1) 804931 19863   !   3       com.sun.org.apache.xml.internal.dtm.ref.dom2dtm.DOM2DTM::addNode (422 bytes)
 total in heap  [0x00000184cc00fe90,0x00000184cc0125a8] = 10008
 relocation     [0x00000184cc00fff0,0x00000184cc010298] = 680
 main code      [0x00000184cc0102a0,0x00000184cc011928] = 5768
 stub code      [0x00000184cc011928,0x00000184cc011b10] = 488
 oops           [0x00000184cc011b10,0x00000184cc011b18] = 8
 metadata       [0x00000184cc011b18,0x00000184cc011b68] = 80
 scopes data    [0x00000184cc011b68,0x00000184cc011fa8] = 1088
 scopes pcs     [0x00000184cc011fa8,0x00000184cc0123d8] = 1072
 dependencies   [0x00000184cc0123d8,0x00000184cc0123f0] = 24
 handler table  [0x00000184cc0123f0,0x00000184cc0124e0] = 240
 nul chk table  [0x00000184cc0124e0,0x00000184cc0125a8] = 200

[Constant Pool (empty)]

[MachCode]
[Entry Point]
  # {method} {0x00000184f0bb4598} 'addNode' '(Lorg/w3c/dom/Node;III)I' in 'com/sun/org/apache/xml/internal/dtm/ref/dom2dtm/DOM2DTM'
  # this:     rdx:rdx   = 'com/sun/org/apache/xml/internal/dtm/ref/dom2dtm/DOM2DTM'
  # parm0:    r8:r8     = 'org/w3c/dom/Node'
  # parm1:    r9        = int
  # parm2:    rdi       = int
  # parm3:    rsi       = int
  #           [sp+0xd0]  (sp of caller)
  0x00000184cc0102a0: 448b 5208 | 49c1 e203 

  0x00000184cc0102a8: ;   {runtime_call ic_miss_stub}
  0x00000184cc0102a8: 4c3b d00f | 85cf e48a | 060f 1f84 | 0000 0000 | 000f 1f80 | 0000 0000 
[Verified Entry Point]
  0x00000184cc0102c0: 8984 2400 | 80ff ff55 | 4881 ecc0 | 0000 0090 | 4181 7f20 | 2400 0000 

  0x00000184cc0102d8: ;   {runtime_call StubRoutines (final stubs)}
  0x00000184cc0102d8: 7405 e821 | b489 0648 | 8954 2448 | 4c89 4424 | 5844 894c | 2460 897c | 2454 8974 

  0x00000184cc0102f4: ;   {metadata(method data for {method} {0x00000184f0bb4598} 'addNode' '(Lorg/w3c/dom/Node;III)I' in 'com/sun/org/apache/xml/internal/dtm/ref/dom2dtm/DOM2DTM')}
  0x00000184cc0102f4: 2450 48bb | e0f0 bdf0 | 8401 0000 | 8b83 cc00 | 0000 83c0 | 0289 83cc | 0000 0025 | fe07 0000 
  0x00000184cc010314: 85c0 0f84 | 2d14 0000 | 8b5a 6848 | 3b03 488b 

  0x00000184cc010324: ;   {metadata(method data for {method} {0x00000184f0bb4598} 'addNode' '(Lorg/w3c/dom/Node;III)I' in 'com/sun/org/apache/xml/internal/dtm/ref/dom2dtm/DOM2DTM')}
  0x00000184cc010324: c348 b9e0 | f0bd f084 | 0100 008b | 4008 48c1 | e003 483b | 8120 0100 | 0075 0d48 | 8381 2801 
  0x00000184cc010344: 0000 01e9 | 6000 0000 | 483b 8130 | 0100 0075 | 0d48 8381 | 3801 0000 | 01e9 4a00 | 0000 4883 
  0x00000184cc010364: b920 0100 | 0000 7517 | 4889 8120 | 0100 0048 | c781 2801 | 0000 0100 | 0000 e929 | 0000 0048 
  0x00000184cc010384: 83b9 3001 | 0000 0075 | 1748 8981 | 3001 0000 | 48c7 8138 | 0100 0001 | 0000 00e9 | 0800 0000 
  0x00000184cc0103a4: 4883 8110 | 0100 0001 | 488b d366 | 0f1f 4400 | 0048 b810 | 7e05 0001 

  0x00000184cc0103bc: ;   {virtual_call}
  0x00000184cc0103bc: 0000 00e8 

  0x00000184cc0103c0: ; ImmutableOopMap {[72]=Oop [88]=Oop }
                      ;*invokeinterface size {reexecute=0 rethrow=0 return_oop=0}
                      ; - com.sun.org.apache.xml.internal.dtm.ref.dom2dtm.DOM2DTM::addNode@4
  0x00000184cc0103c0: 5ce0 e106 

  0x00000184cc0103c4: ;   {other}
  0x00000184cc0103c4: 0f1f 8400 | 3405 0000 | 8944 2464 | 488b 5424 | 488b 723c 

  0x00000184cc0103d8: ; implicit exception: dispatches to 0x00000184cc01176f
  0x00000184cc0103d8: 483b 0648 

  0x00000184cc0103dc: ;   {metadata(method data for {method} {0x00000184f0bb4598} 'addNode' '(Lorg/w3c/dom/Node;III)I' in 'com/sun/org/apache/xml/internal/dtm/ref/dom2dtm/DOM2DTM')}
  0x00000184cc0103dc: 8bfe 48bb | e0f0 bdf0 | 8401 0000 | 4883 8360 | 0100 0001 | 8b76 1c48 | 8bf8 c1ef 

  0x00000184cc0103f8: ;   {metadata(method data for {method} {0x00000184f0bb4598} 'addNode' '(Lorg/w3c/dom/Node;III)I' in 'com/sun/org/apache/xml/internal/dtm/ref/dom2dtm/DOM2DTM')}
  0x00000184cc0103f8: 103b f748 | bee0 f0bd | f084 0100 | 0048 c7c7 | 9001 0000 | 7407 48c7 | c780 0100 | 0048 8b1c 
  0x00000184cc010418: 3e48 8d5b | 0148 891c | 3e0f 8409 | 0000 008b | 7424 50e9 | 0502 0000 | 8b72 3448 

  0x00000184cc010434: ;   {metadata(method data for {method} {0x00000184f0bb4598} 'addNode' '(Lorg/w3c/dom/Node;III)I' in 'com/sun/org/apache/xml/internal/dtm/ref/dom2dtm/DOM2DTM')}
  0x00000184cc010434: 85f6 48bf | e0f0 bdf0 | 8401 0000 | 48c7 c3b0 | 0100 0074 | 0748 c7c3 | a001 0000 | 488b 0c1f 
  0x00000184cc010454: 488d 4901 | 4889 0c1f | 0f84 0c11 | 0000 4885 

  0x00000184cc010464: ;   {metadata(method data for {method} {0x00000184f0bb4598} 'addNode' '(Lorg/w3c/dom/Node;III)I' in 'com/sun/org/apache/xml/internal/dtm/ref/dom2dtm/DOM2DTM')}
  0x00000184cc010464: f675 1648 | bbe0 f0bd | f084 0100 | 0080 8bc9 | 0100 0001 | e9ba 0000 

  0x00000184cc01047c: ;   {metadata('com/sun/org/apache/xml/internal/dtm/ref/DTMManagerDefault')}
  0x00000184cc01047c: 0048 b930 | f43e 0101 | 0000 008b | 7e08 48c1 | e703 483b | cf0f 8584 

  0x00000184cc010494: ;   {metadata(method data for {method} {0x00000184f0bb4598} 'addNode' '(Lorg/w3c/dom/Node;III)I' in 'com/sun/org/apache/xml/internal/dtm/ref/dom2dtm/DOM2DTM')}
  0x00000184cc010494: 0000 0048 | bbe0 f0bd | f084 0100 | 008b 4e08 | 48c1 e103 | 483b 8be0 | 0100 0075 | 0d48 8383 
  0x00000184cc0104b4: e801 0000 | 01e9 7900 | 0000 483b | 8bf0 0100 | 0075 0d48 | 8383 f801 | 0000 01e9 | 6300 0000 
  0x00000184cc0104d4: 4883 bbe0 | 0100 0000 | 7517 4889 | 8be0 0100 | 0048 c783 | e801 0000 | 0100 0000 | e942 0000 
  0x00000184cc0104f4: 0048 83bb | f001 0000 | 0075 1748 | 898b f001 | 0000 48c7 | 83f8 0100 | 0001 0000 | 00e9 2100 
  0x00000184cc010514: 0000 e91c 

  0x00000184cc010518: ;   {metadata(method data for {method} {0x00000184f0bb4598} 'addNode' '(Lorg/w3c/dom/Node;III)I' in 'com/sun/org/apache/xml/internal/dtm/ref/dom2dtm/DOM2DTM')}
  0x00000184cc010518: 0000 0048 | bbe0 f0bd | f084 0100 | 0048 83ab | d001 0000 | 01e9 4212 | 0000 e900 | 0000 0048 
  0x00000184cc010538: 3b06 488b 

  0x00000184cc01053c: ;   {metadata(method data for {method} {0x00000184f0bb4598} 'addNode' '(Lorg/w3c/dom/Node;III)I' in 'com/sun/org/apache/xml/internal/dtm/ref/dom2dtm/DOM2DTM')}
  0x00000184cc01053c: fe48 bbe0 | f0bd f084 

  0x00000184cc010544: ;   {metadata('com/sun/org/apache/xml/internal/dtm/ref/DTMManagerDefault')}
  0x00000184cc010544: 0100 0049 | ba30 f43e | 0101 0000 | 004c 8993 | 1802 0000 | 4883 8320 | 0200 0001 | 488b d648 
  0x00000184cc010564: 8974 2468 | 0f1f 8000 

  0x00000184cc01056c: ;   {optimized virtual_call}
  0x00000184cc01056c: 0000 00e8 

  0x00000184cc010570: ; ImmutableOopMap {[72]=Oop [88]=Oop [104]=Oop }
                      ;*invokevirtual getFirstFreeDTMID {reexecute=0 rethrow=0 return_oop=0}
                      ; - com.sun.org.apache.xml.internal.dtm.ref.dom2dtm.DOM2DTM::addNode@52
  0x00000184cc010570: 0ce5 8a06 

  0x00000184cc010574: ;   {other}
  0x00000184cc010574: 0f1f 8400 | e406 0001 | 488b 7424 

  0x00000184cc010580: ;   {metadata(method data for {method} {0x00000184f0bb4598} 'addNode' '(Lorg/w3c/dom/Node;III)I' in 'com/sun/org/apache/xml/internal/dtm/ref/dom2dtm/DOM2DTM')}
  0x00000184cc010580: 6849 b8e0 | f0bd f084 

  0x00000184cc010588: ;   {metadata('com/sun/org/apache/xml/internal/dtm/ref/DTMManagerDefault')}
  0x00000184cc010588: 0100 0049 | ba30 f43e | 0101 0000 | 004d 8990 | 5002 0000 | 4983 8058 | 0200 0001 | 4c8b 4424 
  0x00000184cc0105a8: 484c 8bc8 | 8b7c 2464 | 488b 5424 | 6889 4424 | 7066 0f1f 

  0x00000184cc0105bc: ;   {optimized virtual_call}
  0x00000184cc0105bc: 4400 00e8 

  0x00000184cc0105c0: ; ImmutableOopMap {[72]=Oop [88]=Oop }
                      ;*invokevirtual addDTM {reexecute=0 rethrow=0 return_oop=0}
                      ; - com.sun.org.apache.xml.internal.dtm.ref.dom2dtm.DOM2DTM::addNode@64
  0x00000184cc0105c0: bce4 8a06 

  0x00000184cc0105c4: ;   {other}
  0x00000184cc0105c4: 0f1f 8400 | 3407 0002 | 488b 5424 | 488b 723c 

  0x00000184cc0105d4: ; implicit exception: dispatches to 0x00000184cc011782
  0x00000184cc0105d4: 483b 064c 

  0x00000184cc0105d8: ;   {metadata(method data for {method} {0x00000184f0bb4598} 'addNode' '(Lorg/w3c/dom/Node;III)I' in 'com/sun/org/apache/xml/internal/dtm/ref/dom2dtm/DOM2DTM')}
  0x00000184cc0105d8: 8bc6 48bf | e0f0 bdf0 | 8401 0000 

  0x00000184cc0105e4: ;   {metadata('com/sun/org/apache/xml/internal/utils/SuballocatedIntVector')}
  0x00000184cc0105e4: 49ba c836 | 3f01 0100 | 0000 4c89 | 9788 0200 | 0048 8387 | 9002 0000 | 018b 4424 | 70c1 e010 
  0x00000184cc010604: 4c8b c048 | 8bd6 0f1f 

  0x00000184cc01060c: ;   {optimized virtual_call}
  0x00000184cc01060c: 4400 00e8 

  0x00000184cc010610: ; ImmutableOopMap {[72]=Oop [88]=Oop }
                      ;*invokevirtual addElement {reexecute=0 rethrow=0 return_oop=0}
                      ; - com.sun.org.apache.xml.internal.dtm.ref.dom2dtm.DOM2DTM::addNode@76
  0x00000184cc010610: 6ce4 8a06 

  0x00000184cc010614: ;   {other}
  0x00000184cc010614: 0f1f 8400 | 8407 0003 

  0x00000184cc01061c: ;   {metadata(method data for {method} {0x00000184f0bb4598} 'addNode' '(Lorg/w3c/dom/Node;III)I' in 'com/sun/org/apache/xml/internal/dtm/ref/dom2dtm/DOM2DTM')}
  0x00000184cc01061c: 48ba e0f0 | bdf0 8401 | 0000 ff82 | b002 0000 | 8b74 2450 | 488b 5424 | 488b 7a0c | ffc7 897a 
  0x00000184cc01063c: 0c83 feff 

  0x00000184cc010640: ;   {metadata(method data for {method} {0x00000184f0bb4598} 'addNode' '(Lorg/w3c/dom/Node;III)I' in 'com/sun/org/apache/xml/internal/dtm/ref/dom2dtm/DOM2DTM')}
  0x00000184cc010640: 48bf e0f0 | bdf0 8401 | 0000 48c7 | c310 0300 | 0075 0748 | c7c3 2003 | 0000 488b | 041f 488d 
  0x00000184cc010660: 4001 4889 | 041f 0f85 | c500 0000 | 4c8b 4424 | 5849 3b00 

  0x00000184cc010674: ;   {metadata(method data for {method} {0x00000184f0bb4598} 'addNode' '(Lorg/w3c/dom/Node;III)I' in 'com/sun/org/apache/xml/internal/dtm/ref/dom2dtm/DOM2DTM')}
  0x00000184cc010674: 498b f048 | bfe0 f0bd | f084 0100 | 008b 7608 | 48c1 e603 | 483b b740 | 0300 0075 | 0d48 8387 
  0x00000184cc010694: 4803 0000 | 01e9 6000 | 0000 483b | b750 0300 | 0075 0d48 | 8387 5803 | 0000 01e9 | 4a00 0000 
  0x00000184cc0106b4: 4883 bf40 | 0300 0000 | 7517 4889 | b740 0300 | 0048 c787 | 4803 0000 | 0100 0000 | e929 0000 
  0x00000184cc0106d4: 0048 83bf | 5003 0000 | 0075 1748 | 89b7 5003 | 0000 48c7 | 8758 0300 | 0001 0000 | 00e9 0800 
  0x00000184cc0106f4: 0000 4883 | 8730 0300 | 0001 498b | d00f 1f40 | 0048 b860 | ad3d 0101 

  0x00000184cc01070c: ;   {virtual_call}
  0x00000184cc01070c: 0000 00e8 

  0x00000184cc010710: ; ImmutableOopMap {[72]=Oop [88]=Oop }
                      ;*invokeinterface getNodeType {reexecute=0 rethrow=0 return_oop=0}
                      ; - com.sun.org.apache.xml.internal.dtm.ref.dom2dtm.DOM2DTM::addNode@111
  0x00000184cc010710: 4ccb 8a06 

  0x00000184cc010714: ;   {other}
  0x00000184cc010714: 0f1f 8400 | 8408 0004 

  0x00000184cc01071c: ;   {metadata(method data for {method} {0x00000184f0bb4598} 'addNode' '(Lorg/w3c/dom/Node;III)I' in 'com/sun/org/apache/xml/internal/dtm/ref/dom2dtm/DOM2DTM')}
  0x00000184cc01071c: 48ba e0f0 | bdf0 8401 | 0000 ff82 | 6803 0000 | e903 0000 | 0048 8bc6 

  0x00000184cc010734: ;   {metadata(method data for {method} {0x00000184f0bb4598} 'addNode' '(Lorg/w3c/dom/Node;III)I' in 'com/sun/org/apache/xml/internal/dtm/ref/dom2dtm/DOM2DTM')}
  0x00000184cc010734: 83f8 0248 | bae0 f0bd | f084 0100 | 0048 c7c6 | 8003 0000 | 7507 48c7 | c690 0300 | 0048 8b3c 
  0x00000184cc010754: 3248 8d7f | 0148 893c | 320f 85d5 | 0100 0089 | 4424 744c | 8b44 2458 

  0x00000184cc01076c: ; implicit exception: dispatches to 0x00000184cc01178c
  0x00000184cc01076c: 493b 0049 

  0x00000184cc010770: ;   {metadata(method data for {method} {0x00000184f0bb4598} 'addNode' '(Lorg/w3c/dom/Node;III)I' in 'com/sun/org/apache/xml/internal/dtm/ref/dom2dtm/DOM2DTM')}
  0x00000184cc010770: 8bd0 48be | e0f0 bdf0 | 8401 0000 | 8b52 0848 | c1e2 0348 | 3b96 b003 | 0000 750d | 4883 86b8 
  0x00000184cc010790: 0300 0001 | e960 0000 | 0048 3b96 | c003 0000 | 750d 4883 | 86c8 0300 | 0001 e94a | 0000 0048 
  0x00000184cc0107b0: 83be b003 | 0000 0075 | 1748 8996 | b003 0000 | 48c7 86b8 | 0300 0001 | 0000 00e9 | 2900 0000 
  0x00000184cc0107d0: 4883 bec0 | 0300 0000 | 7517 4889 | 96c0 0300 | 0048 c786 | c803 0000 | 0100 0000 | e908 0000 
  0x00000184cc0107f0: 0048 8386 | a003 0000 | 0149 8bd0 | 9048 b848 | 863f 0101 

  0x00000184cc010804: ;   {virtual_call}
  0x00000184cc010804: 0000 00e8 

  0x00000184cc010808: ; ImmutableOopMap {[72]=Oop [88]=Oop }
                      ;*invokeinterface getNodeName {reexecute=0 rethrow=0 return_oop=0}
                      ; - com.sun.org.apache.xml.internal.dtm.ref.dom2dtm.DOM2DTM::addNode@132
  0x00000184cc010808: 34dd f7ff 

  0x00000184cc01080c: ;   {other}
  0x00000184cc01080c: 0f1f 8400 | 7c09 0005 

  0x00000184cc010814: ; implicit exception: dispatches to 0x00000184cc011791
  0x00000184cc010814: 483b 004c 

  0x00000184cc010818: ;   {metadata(method data for {method} {0x00000184f0bb4598} 'addNode' '(Lorg/w3c/dom/Node;III)I' in 'com/sun/org/apache/xml/internal/dtm/ref/dom2dtm/DOM2DTM')}
  0x00000184cc010818: 8bc0 49b8 | e0f0 bdf0 | 8401 0000 | 4983 81d8 | 0300 0001 

  0x00000184cc01082c: ;   {metadata(method data for {method} {0x00000184e000b298} 'startsWith' '(Ljava/lang/String;)Z' in 'java/lang/String')}
  0x00000184cc01082c: 49b8 10f6 | 62e0 8401 | 0000 458b | 88cc 0000 | 0041 83c1 | 0245 8988 | cc00 0000 | 4181 e1fe 
  0x00000184cc01084c: ff1f 0045 | 85c9 0f84 | 3e0f 0000 

  0x00000184cc010858: ;   {metadata(method data for {method} {0x00000184e000b298} 'startsWith' '(Ljava/lang/String;)Z' in 'java/lang/String')}
  0x00000184cc010858: 4c8b c049 | b910 f662 | e084 0100 | 0049 8381 | 1001 0000 

  0x00000184cc01086c: ;   {oop("xmlns:"{0x0000000086be9d88})}
  0x00000184cc01086c: 0149 b888 | 9dbe 8600 | 0000 0041 | b900 0000 | 0048 8bd0 | 4889 4424 

  0x00000184cc010884: ;   {optimized virtual_call}
  0x00000184cc010884: 7866 90e8 

  0x00000184cc010888: ; ImmutableOopMap {[72]=Oop [88]=Oop [120]=Oop }
                      ;*invokevirtual startsWith {reexecute=0 rethrow=0 return_oop=0}
                      ; - java.lang.String::startsWith@3
                      ; - com.sun.org.apache.xml.internal.dtm.ref.dom2dtm.DOM2DTM::addNode@143
  0x00000184cc010888: f4e1 8a06 

  0x00000184cc01088c: ;   {other}
  0x00000184cc01088c: 0f1f 8400 | fc09 0006 | 83e0 0185 

  0x00000184cc010898: ;   {metadata(method data for {method} {0x00000184f0bb4598} 'addNode' '(Lorg/w3c/dom/Node;III)I' in 'com/sun/org/apache/xml/internal/dtm/ref/dom2dtm/DOM2DTM')}
  0x00000184cc010898: c049 b8e0 | f0bd f084 | 0100 0048 | c7c2 1004 | 0000 7507 | 48c7 c220 | 0400 0049 | 8b34 1048 
  0x00000184cc0108b8: 8d76 0149 | 8934 100f | 856e 0000 | 0048 8b44 | 2478 4c8b 

  0x00000184cc0108cc: ;   {metadata(method data for {method} {0x00000184f0bb4598} 'addNode' '(Lorg/w3c/dom/Node;III)I' in 'com/sun/org/apache/xml/internal/dtm/ref/dom2dtm/DOM2DTM')}
  0x00000184cc0108cc: c048 bae0 | f0bd f084 | 0100 0048 | 8382 3004 

  0x00000184cc0108dc: ;   {oop("xmlns"{0x0000000086be9db8})}
  0x00000184cc0108dc: 0000 0149 | b8b8 9dbe | 8600 0000 | 0048 8bd0 

  0x00000184cc0108ec: ;   {optimized virtual_call}
  0x00000184cc0108ec: 6666 90e8 

  0x00000184cc0108f0: ; ImmutableOopMap {[72]=Oop [88]=Oop }
                      ;*invokevirtual equals {reexecute=0 rethrow=0 return_oop=0}
                      ; - com.sun.org.apache.xml.internal.dtm.ref.dom2dtm.DOM2DTM::addNode@153
  0x00000184cc0108f0: 8ce1 8a06 

  0x00000184cc0108f4: ;   {other}
  0x00000184cc0108f4: 0f1f 8400 | 640a 0007 

  0x00000184cc0108fc: ;   {metadata(method data for {method} {0x00000184f0bb4598} 'addNode' '(Lorg/w3c/dom/Node;III)I' in 'com/sun/org/apache/xml/internal/dtm/ref/dom2dtm/DOM2DTM')}
  0x00000184cc0108fc: 85c0 49b8 | e0f0 bdf0 | 8401 0000 | 48c7 c278 | 0400 0075 | 0748 c7c2 | 6804 0000 | 498b 3410 
  0x00000184cc01091c: 488d 7601 | 4989 3410 | 0f85 0900 | 0000 8b44 | 2474 e905 | 0000 00b8 | 0d00 0000 | 8984 2480 
  0x00000184cc01093c: 0000 0048 | 8b54 2448 | 8b72 6848 | 3b06 4c8b 

  0x00000184cc01094c: ;   {metadata(method data for {method} {0x00000184f0bb4598} 'addNode' '(Lorg/w3c/dom/Node;III)I' in 'com/sun/org/apache/xml/internal/dtm/ref/dom2dtm/DOM2DTM')}
  0x00000184cc01094c: c648 bfe0 | f0bd f084 | 0100 0045 | 8b40 0849 | c1e0 034c | 3b87 9804 | 0000 750d | 4883 87a0 
  0x00000184cc01096c: 0400 0001 | e960 0000 | 004c 3b87 | a804 0000 | 750d 4883 | 87b0 0400 | 0001 e94a | 0000 0048 
  0x00000184cc01098c: 83bf 9804 | 0000 0075 | 174c 8987 | 9804 0000 | 48c7 87a0 | 0400 0001 | 0000 00e9 | 2900 0000 
  0x00000184cc0109ac: 4883 bfa8 | 0400 0000 | 7517 4c89 | 87a8 0400 | 0048 c787 | b004 0000 | 0100 0000 | e908 0000 
  0x00000184cc0109cc: 0048 8387 | 8804 0000 | 014c 8b44 | 2458 488b | d648 b810 | 7e05 0001 

  0x00000184cc0109e4: ;   {virtual_call}
  0x00000184cc0109e4: 0000 00e8 

  0x00000184cc0109e8: ; ImmutableOopMap {[72]=Oop [88]=Oop }
                      ;*invokeinterface add {reexecute=0 rethrow=0 return_oop=0}
                      ; - com.sun.org.apache.xml.internal.dtm.ref.dom2dtm.DOM2DTM::addNode@168
  0x00000184cc0109e8: d46d e306 

  0x00000184cc0109ec: ;   {other}
  0x00000184cc0109ec: 0f1f 8400 | 5c0b 0008 | 488b 5424 | 488b 7218 

  0x00000184cc0109fc: ; implicit exception: dispatches to 0x00000184cc0117bc
  0x00000184cc0109fc: 483b 064c 

  0x00000184cc010a00: ;   {metadata(method data for {method} {0x00000184f0bb4598} 'addNode' '(Lorg/w3c/dom/Node;III)I' in 'com/sun/org/apache/xml/internal/dtm/ref/dom2dtm/DOM2DTM')}
  0x00000184cc010a00: 8bc6 49b9 | e0f0 bdf0 | 8401 0000 | 4983 81d8 | 0400 0001 | 41b8 feff | ffff 448b | 4c24 6448 
  0x00000184cc010a20: 8bd6 0f1f 

  0x00000184cc010a24: ;   {optimized virtual_call}
  0x00000184cc010a24: 4400 00e8 

  0x00000184cc010a28: ; ImmutableOopMap {[72]=Oop [88]=Oop }
                      ;*invokevirtual setElementAt {reexecute=0 rethrow=0 return_oop=0}
                      ; - com.sun.org.apache.xml.internal.dtm.ref.dom2dtm.DOM2DTM::addNode@182
  0x00000184cc010a28: 7483 1c00 

  0x00000184cc010a2c: ;   {other}
  0x00000184cc010a2c: 0f1f 8400 | 9c0b 0009 | 488b 5424 | 488b 721c 

  0x00000184cc010a3c: ; implicit exception: dispatches to 0x00000184cc0117c1
  0x00000184cc010a3c: 483b 064c 

  0x00000184cc010a40: ;   {metadata(method data for {method} {0x00000184f0bb4598} 'addNode' '(Lorg/w3c/dom/Node;III)I' in 'com/sun/org/apache/xml/internal/dtm/ref/dom2dtm/DOM2DTM')}
  0x00000184cc010a40: 8bc6 49b9 | e0f0 bdf0 | 8401 0000 | 4983 8110 | 0500 0001 | 41b8 feff | ffff 448b | 4c24 6448 
  0x00000184cc010a60: 8bd6 0f1f 

  0x00000184cc010a64: ;   {optimized virtual_call}
  0x00000184cc010a64: 4400 00e8 

  0x00000184cc010a68: ; ImmutableOopMap {[72]=Oop [88]=Oop }
                      ;*invokevirtual setElementAt {reexecute=0 rethrow=0 return_oop=0}
                      ; - com.sun.org.apache.xml.internal.dtm.ref.dom2dtm.DOM2DTM::addNode@193
  0x00000184cc010a68: 3483 1c00 

  0x00000184cc010a6c: ;   {other}
  0x00000184cc010a6c: 0f1f 8400 | dc0b 000a | 488b 5424 | 488b 7220 

  0x00000184cc010a7c: ; implicit exception: dispatches to 0x00000184cc0117c6
  0x00000184cc010a7c: 483b 064c 

  0x00000184cc010a80: ;   {metadata(method data for {method} {0x00000184f0bb4598} 'addNode' '(Lorg/w3c/dom/Node;III)I' in 'com/sun/org/apache/xml/internal/dtm/ref/dom2dtm/DOM2DTM')}
  0x00000184cc010a80: 8bc6 49b9 | e0f0 bdf0 | 8401 0000 | 4983 8148 | 0500 0001 | 448b 4424 | 5444 8b4c | 2464 488b 
  0x00000184cc010aa0: d666 0f1f 

  0x00000184cc010aa4: ;   {optimized virtual_call}
  0x00000184cc010aa4: 4400 00e8 

  0x00000184cc010aa8: ; ImmutableOopMap {[72]=Oop [88]=Oop }
                      ;*invokevirtual setElementAt {reexecute=0 rethrow=0 return_oop=0}
                      ; - com.sun.org.apache.xml.internal.dtm.ref.dom2dtm.DOM2DTM::addNode@203
  0x00000184cc010aa8: f482 1c00 

  0x00000184cc010aac: ;   {other}
  0x00000184cc010aac: 0f1f 8400 | 1c0c 000b | 488b 5424 | 488b 7224 

  0x00000184cc010abc: ; implicit exception: dispatches to 0x00000184cc0117cb
  0x00000184cc010abc: 483b 064c 

  0x00000184cc010ac0: ;   {metadata(method data for {method} {0x00000184f0bb4598} 'addNode' '(Lorg/w3c/dom/Node;III)I' in 'com/sun/org/apache/xml/internal/dtm/ref/dom2dtm/DOM2DTM')}
  0x00000184cc010ac0: 8bc6 49b9 | e0f0 bdf0 | 8401 0000 | 4983 8180 | 0500 0001 | 448b 4424 | 6044 8b4c | 2464 488b 
  0x00000184cc010ae0: d666 0f1f 

  0x00000184cc010ae4: ;   {optimized virtual_call}
  0x00000184cc010ae4: 4400 00e8 

  0x00000184cc010ae8: ; ImmutableOopMap {[72]=Oop [88]=Oop }
                      ;*invokevirtual setElementAt {reexecute=0 rethrow=0 return_oop=0}
                      ; - com.sun.org.apache.xml.internal.dtm.ref.dom2dtm.DOM2DTM::addNode@213
  0x00000184cc010ae8: b482 1c00 

  0x00000184cc010aec: ;   {other}
  0x00000184cc010aec: 0f1f 8400 | 5c0c 000c | 448b 4c24 | 6041 83f9 

  0x00000184cc010afc: ;   {metadata(method data for {method} {0x00000184f0bb4598} 'addNode' '(Lorg/w3c/dom/Node;III)I' in 'com/sun/org/apache/xml/internal/dtm/ref/dom2dtm/DOM2DTM')}
  0x00000184cc010afc: ff48 b9e0 | f0bd f084 | 0100 0049 | c7c0 a005 | 0000 7407 | 49c7 c0b0 | 0500 004a | 8b14 0148 
  0x00000184cc010b1c: 8d52 014a | 8914 010f | 84bb 0100 | 008b 8424 | 8000 0000 

  0x00000184cc010b30: ;   {metadata(method data for {method} {0x00000184f0bb4598} 'addNode' '(Lorg/w3c/dom/Node;III)I' in 'com/sun/org/apache/xml/internal/dtm/ref/dom2dtm/DOM2DTM')}
  0x00000184cc010b30: 83f8 0248 | b9e0 f0bd | f084 0100 | 0049 c7c0 | d005 0000 | 7507 49c7 | c0c0 0500 | 004a 8b14 
  0x00000184cc010b50: 0148 8d52 | 014a 8914 | 010f 850c | 0000 0089 | 8424 8000 | 0000 e979 | 0100 0083 

  0x00000184cc010b6c: ;   {metadata(method data for {method} {0x00000184f0bb4598} 'addNode' '(Lorg/w3c/dom/Node;III)I' in 'com/sun/org/apache/xml/internal/dtm/ref/dom2dtm/DOM2DTM')}
  0x00000184cc010b6c: f80d 48b9 | e0f0 bdf0 | 8401 0000 | 49c7 c0f0 | 0500 0075 | 0749 c7c0 | e005 0000 | 4a8b 1401 
  0x00000184cc010b8c: 488d 5201 | 4a89 1401 | 0f85 0c00 | 0000 8984 | 2480 0000 | 00e9 3e01 | 0000 488b | 5424 488b 
  0x00000184cc010bac: 7218 483b | 0648 8bce 

  0x00000184cc010bb4: ;   {metadata(method data for {method} {0x00000184f0bb4598} 'addNode' '(Lorg/w3c/dom/Node;III)I' in 'com/sun/org/apache/xml/internal/dtm/ref/dom2dtm/DOM2DTM')}
  0x00000184cc010bb4: 49b8 e0f0 | bdf0 8401 | 0000 4983 | 8018 0600 

  0x00000184cc010bc4: ;   {metadata(method data for {method} {0x00000184f0bc3640} 'elementAt' '(I)I' in 'com/sun/org/apache/xml/internal/utils/SuballocatedIntVector')}
  0x00000184cc010bc4: 0001 48b9 | 68e9 bdf0 | 8401 0000 | 448b 81cc | 0000 0041 | 83c0 0244 | 8981 cc00 | 0000 4181 
  0x00000184cc010be4: e0fe ff1f | 0045 85c0 | 0f84 e30b | 0000 8b4e | 0c44 3bc9 

  0x00000184cc010bf8: ;   {metadata(method data for {method} {0x00000184f0bc3640} 'elementAt' '(I)I' in 'com/sun/org/apache/xml/internal/utils/SuballocatedIntVector')}
  0x00000184cc010bf8: 48b9 68e9 | bdf0 8401 | 0000 49c7 | c010 0100 | 007d 0749 | c7c0 2001 | 0000 4a8b | 3c01 488d 
  0x00000184cc010c18: 7f01 4a89 | 3c01 0f8d | 1a00 0000 | 8b4e 2844 | 3b49 0c0f | 83cf 0b00 | 004d 63c1 | 428b 4c81 
  0x00000184cc010c38: 10e9 3900 | 0000 448b | 4624 8b4e | 1049 8bf9 | d3ef 413b | 780c 0f83 | c40b 0000 | 4863 ff45 
  0x00000184cc010c58: 8b44 b810 | 8b7e 1449 | 23f9 413b | 780c 0f83 | c40b 0000 | 4863 ff45 | 8b44 b810 | 498b c883 
  0x00000184cc010c78: ;   {metadata(method data for {method} {0x00000184f0bb4598} 'addNode' '(Lorg/w3c/dom/Node;III)I' in 'com/sun/org/apache/xml/internal/dtm/ref/dom2dtm/DOM2DTM')}
  0x00000184cc010c78: f9fe 49b8 | e0f0 bdf0 | 8401 0000 | 48c7 c738 | 0600 0075 | 0748 c7c7 | 4806 0000 | 498b 1c38 
  0x00000184cc010c98: 488d 5b01 | 4989 1c38 | 8984 2480 | 0000 000f | 8537 0000 | 004c 8bc6 

  0x00000184cc010cb0: ;   {metadata(method data for {method} {0x00000184f0bb4598} 'addNode' '(Lorg/w3c/dom/Node;III)I' in 'com/sun/org/apache/xml/internal/dtm/ref/dom2dtm/DOM2DTM')}
  0x00000184cc010cb0: 48bf e0f0 | bdf0 8401 | 0000 4883 | 8770 0600 | 0001 448b | 4424 6449 | 8bf9 4c8b | cf48 8bd6 
  0x00000184cc010cd0: 0f1f 8000 

  0x00000184cc010cd4: ;   {optimized virtual_call}
  0x00000184cc010cd4: 0000 00e8 

  0x00000184cc010cd8: ; ImmutableOopMap {[72]=Oop [88]=Oop }
                      ;*invokevirtual setElementAt {reexecute=0 rethrow=0 return_oop=0}
                      ; - com.sun.org.apache.xml.internal.dtm.ref.dom2dtm.DOM2DTM::addNode@254
  0x00000184cc010cd8: c480 1c00 

  0x00000184cc010cdc: ;   {other}
  0x00000184cc010cdc: 0f1f 8400 | 4c0e 000d | 4c8b 4424 | 5849 3b00 

  0x00000184cc010cec: ;   {metadata(method data for {method} {0x00000184f0bb4598} 'addNode' '(Lorg/w3c/dom/Node;III)I' in 'com/sun/org/apache/xml/internal/dtm/ref/dom2dtm/DOM2DTM')}
  0x00000184cc010cec: 498b d048 | bee0 f0bd | f084 0100 | 008b 5208 | 48c1 e203 | 483b 96a0 | 0600 0075 | 0d48 8386 
  0x00000184cc010d0c: a806 0000 | 01e9 6000 | 0000 483b | 96b0 0600 | 0075 0d48 | 8386 b806 | 0000 01e9 | 4a00 0000 
  0x00000184cc010d2c: 4883 bea0 | 0600 0000 | 7517 4889 | 96a0 0600 | 0048 c786 | a806 0000 | 0100 0000 | e929 0000 
  0x00000184cc010d4c: 0048 83be | b006 0000 | 0075 1748 | 8996 b006 | 0000 48c7 | 86b8 0600 | 0001 0000 | 00e9 0800 
  0x00000184cc010d6c: 0000 4883 | 8690 0600 | 0001 498b | d00f 1f40 | 0048 b860 | ad3d 0101 

  0x00000184cc010d84: ;   {virtual_call}
  0x00000184cc010d84: 0000 00e8 

  0x00000184cc010d88: ; ImmutableOopMap {[72]=Oop [88]=Oop }
                      ;*invokeinterface getNamespaceURI {reexecute=0 rethrow=0 return_oop=0}
                      ; - com.sun.org.apache.xml.internal.dtm.ref.dom2dtm.DOM2DTM::addNode@258
  0x00000184cc010d88: 14c4 8a06 

  0x00000184cc010d8c: ;   {other}
  0x00000184cc010d8c: 0f1f 8400 | fc0e 000e | 8bb4 2480 | 0000 0083 

  0x00000184cc010d9c: ;   {metadata(method data for {method} {0x00000184f0bb4598} 'addNode' '(Lorg/w3c/dom/Node;III)I' in 'com/sun/org/apache/xml/internal/dtm/ref/dom2dtm/DOM2DTM')}
  0x00000184cc010d9c: fe07 48ba | e0f0 bdf0 | 8401 0000 | 48c7 c7c8 | 0600 0075 | 0748 c7c7 | d806 0000 | 488b 1c3a 
  0x00000184cc010dbc: 488d 5b01 | 4889 1c3a | 4889 8424 | 8800 0000 | 89b4 2480 | 0000 004c | 8b44 2458 | 0f85 bb00 
  0x00000184cc010ddc: ;   {metadata(method data for {method} {0x00000184f0bb4598} 'addNode' '(Lorg/w3c/dom/Node;III)I' in 'com/sun/org/apache/xml/internal/dtm/ref/dom2dtm/DOM2DTM')}
  0x00000184cc010ddc: 0000 48ba | e0f0 bdf0 | 8401 0000 | 458b 4008 | 49c1 e003 | 4c3b 82f8 | 0600 0075 | 0d48 8382 
  0x00000184cc010dfc: 0007 0000 | 01e9 6000 | 0000 4c3b | 8208 0700 | 0075 0d48 | 8382 1007 | 0000 01e9 | 4a00 0000 
  0x00000184cc010e1c: 4883 baf8 | 0600 0000 | 7517 4c89 | 82f8 0600 | 0048 c782 | 0007 0000 | 0100 0000 | e929 0000 
  0x00000184cc010e3c: 0048 83ba | 0807 0000 | 0075 174c | 8982 0807 | 0000 48c7 | 8210 0700 | 0001 0000 | 00e9 0800 
  0x00000184cc010e5c: 0000 4883 | 82e8 0600 | 0001 488b | 5424 5866 | 9048 b8ff | ffff ffff 

  0x00000184cc010e74: ;   {virtual_call}
  0x00000184cc010e74: ffff ffe8 

  0x00000184cc010e78: ; ImmutableOopMap {[72]=Oop [88]=Oop [136]=Oop }
                      ;*invokeinterface getNodeName {reexecute=0 rethrow=0 return_oop=0}
                      ; - com.sun.org.apache.xml.internal.dtm.ref.dom2dtm.DOM2DTM::addNode@273
  0x00000184cc010e78: 04df 8a06 

  0x00000184cc010e7c: ;   {other}
  0x00000184cc010e7c: 0f1f 8400 | ec0f 000f 

  0x00000184cc010e84: ;   {metadata(method data for {method} {0x00000184f0bb4598} 'addNode' '(Lorg/w3c/dom/Node;III)I' in 'com/sun/org/apache/xml/internal/dtm/ref/dom2dtm/DOM2DTM')}
  0x00000184cc010e84: 48ba e0f0 | bdf0 8401 | 0000 ff82 | 2007 0000 | e9ab 0000 

  0x00000184cc010e98: ;   {metadata(method data for {method} {0x00000184f0bb4598} 'addNode' '(Lorg/w3c/dom/Node;III)I' in 'com/sun/org/apache/xml/internal/dtm/ref/dom2dtm/DOM2DTM')}
  0x00000184cc010e98: 0048 bae0 | f0bd f084 | 0100 0045 | 8b40 0849 | c1e0 034c | 3b82 4807 | 0000 750d | 4883 8250 
  0x00000184cc010eb8: 0700 0001 | e960 0000 | 004c 3b82 | 5807 0000 | 750d 4883 | 8260 0700 | 0001 e94a | 0000 0048 
  0x00000184cc010ed8: 83ba 4807 | 0000 0075 | 174c 8982 | 4807 0000 | 48c7 8250 | 0700 0001 | 0000 00e9 | 2900 0000 
  0x00000184cc010ef8: 4883 ba58 | 0700 0000 | 7517 4c89 | 8258 0700 | 0048 c782 | 6007 0000 | 0100 0000 | e908 0000 
  0x00000184cc010f18: 0048 8382 | 3807 0000 | 0148 8b54 | 2458 0f1f | 8000 0000 | 0048 b860 | ad3d 0101 

  0x00000184cc010f34: ;   {virtual_call}
  0x00000184cc010f34: 0000 00e8 

  0x00000184cc010f38: ; ImmutableOopMap {[72]=Oop [88]=Oop [136]=Oop }
                      ;*invokeinterface getLocalName {reexecute=0 rethrow=0 return_oop=0}
                      ; - com.sun.org.apache.xml.internal.dtm.ref.dom2dtm.DOM2DTM::addNode@282
  0x00000184cc010f38: a4c2 8a06 

  0x00000184cc010f3c: ;   {other}
  0x00000184cc010f3c: 0f1f 8400 | ac10 0010 | 8bb4 2480 | 0000 0083 

  0x00000184cc010f4c: ;   {metadata(method data for {method} {0x00000184f0bb4598} 'addNode' '(Lorg/w3c/dom/Node;III)I' in 'com/sun/org/apache/xml/internal/dtm/ref/dom2dtm/DOM2DTM')}
  0x00000184cc010f4c: fe01 48ba | e0f0 bdf0 | 8401 0000 | 48c7 c770 | 0700 0074 | 0748 c7c7 | 8007 0000 | 488b 1c3a 
  0x00000184cc010f6c: 488d 5b01 | 4889 1c3a | 0f84 4300 | 0000 83fe 

  0x00000184cc010f7c: ;   {metadata(method data for {method} {0x00000184f0bb4598} 'addNode' '(Lorg/w3c/dom/Node;III)I' in 'com/sun/org/apache/xml/internal/dtm/ref/dom2dtm/DOM2DTM')}
  0x00000184cc010f7c: 0248 bae0 | f0bd f084 | 0100 0048 | c7c7 a007 | 0000 7407 | 48c7 c790 | 0700 0048 | 8b1c 3a48 
  0x00000184cc010f9c: 8d5b 0148 | 891c 3a0f | 8414 0000 | 0048 8984 | 2490 0000 | 0089 b424 | 8000 0000 | e9ff 0000 
  0x00000184cc010fbc: 0048 85c0 

  0x00000184cc010fc0: ;   {metadata(method data for {method} {0x00000184f0bb4598} 'addNode' '(Lorg/w3c/dom/Node;III)I' in 'com/sun/org/apache/xml/internal/dtm/ref/dom2dtm/DOM2DTM')}
  0x00000184cc010fc0: 48ba e0f0 | bdf0 8401 | 0000 48c7 | c7c0 0700 | 0074 0748 | c7c7 b007 | 0000 488b | 1c3a 488d 
  0x00000184cc010fe0: 5b01 4889 | 1c3a 0f84 | 1400 0000 | 4889 8424 | 9000 0000 | 89b4 2480 | 0000 00e9 | bc00 0000 
  0x00000184cc011000: 89b4 2480 | 0000 004c | 8b44 2458 

  0x00000184cc01100c: ;   {metadata(method data for {method} {0x00000184f0bb4598} 'addNode' '(Lorg/w3c/dom/Node;III)I' in 'com/sun/org/apache/xml/internal/dtm/ref/dom2dtm/DOM2DTM')}
  0x00000184cc01100c: 48ba e0f0 | bdf0 8401 | 0000 458b | 4008 49c1 | e003 4c3b | 82e0 0700 | 0075 0d48 | 8382 e807 
  0x00000184cc01102c: 0000 01e9 | 6000 0000 | 4c3b 82f0 | 0700 0075 | 0d48 8382 | f807 0000 | 01e9 4a00 | 0000 4883 
  0x00000184cc01104c: bae0 0700 | 0000 7517 | 4c89 82e0 | 0700 0048 | c782 e807 | 0000 0100 | 0000 e929 | 0000 0048 
  0x00000184cc01106c: 83ba f007 | 0000 0075 | 174c 8982 | f007 0000 | 48c7 82f8 | 0700 0001 | 0000 00e9 | 0800 0000 
  0x00000184cc01108c: 4883 82d0 | 0700 0001 | 488b 5424 | 580f 1f40 | 0048 b850 | 7e3f 0101 

  0x00000184cc0110a4: ;   {virtual_call}
  0x00000184cc0110a4: 0000 00e8 

  0x00000184cc0110a8: ; ImmutableOopMap {[72]=Oop [88]=Oop [136]=Oop }
                      ;*invokeinterface getNodeName {reexecute=0 rethrow=0 return_oop=0}
                      ; - com.sun.org.apache.xml.internal.dtm.ref.dom2dtm.DOM2DTM::addNode@308
  0x00000184cc0110a8: 9450 0800 

  0x00000184cc0110ac: ;   {other}
  0x00000184cc0110ac: 0f1f 8400 | 1c12 0011 | 4889 8424 | 9000 0000 | 488b 5424 | 488b 7250 | 4c8b 4424 

  0x00000184cc0110c8: ;   {metadata(method data for {method} {0x00000184f0bb4598} 'addNode' '(Lorg/w3c/dom/Node;III)I' in 'com/sun/org/apache/xml/internal/dtm/ref/dom2dtm/DOM2DTM')}
  0x00000184cc0110c8: 5848 bfe0 | f0bd f084 | 0100 0045 | 8b40 0849 | c1e0 034c | 3b87 1808 | 0000 750d | 4883 8720 
  0x00000184cc0110e8: 0800 0001 | e960 0000 | 004c 3b87 | 2808 0000 | 750d 4883 | 8730 0800 | 0001 e94a | 0000 0048 
  0x00000184cc011108: 83bf 1808 | 0000 0075 | 174c 8987 | 1808 0000 | 48c7 8720 | 0800 0001 | 0000 00e9 | 2900 0000 
  0x00000184cc011128: 4883 bf28 | 0800 0000 | 7517 4c89 | 8728 0800 | 0048 c787 | 3008 0000 | 0100 0000 | e908 0000 
  0x00000184cc011148: 0048 8387 | 0808 0000 | 0148 8b54 | 2458 4889 | b424 9800 | 0000 0f1f | 8000 0000 | 0048 b860 
  0x00000184cc011168: ad3d 0101 

  0x00000184cc01116c: ;   {virtual_call}
  0x00000184cc01116c: 0000 00e8 

  0x00000184cc011170: ; ImmutableOopMap {[72]=Oop [136]=Oop [144]=Oop [152]=Oop }
                      ;*invokeinterface getLocalName {reexecute=0 rethrow=0 return_oop=0}
                      ; - com.sun.org.apache.xml.internal.dtm.ref.dom2dtm.DOM2DTM::addNode@322
  0x00000184cc011170: acc0 8a06 

  0x00000184cc011174: ;   {other}
  0x00000184cc011174: 0f1f 8400 | e412 0012 

  0x00000184cc01117c: ;   {metadata(method data for {method} {0x00000184f0bb4598} 'addNode' '(Lorg/w3c/dom/Node;III)I' in 'com/sun/org/apache/xml/internal/dtm/ref/dom2dtm/DOM2DTM')}
  0x00000184cc01117c: 4885 c049 | b8e0 f0bd | f084 0100 | 0049 c7c1 | 5008 0000 | 7407 49c7 | c140 0800 | 004b 8b3c 
  0x00000184cc01119c: 0848 8d7f | 014b 893c | 080f 8414 | 0000 004c | 8b8c 2490 | 0000 008b | 8424 8000 | 0000 e97a 
  0x00000184cc0111bc: 0000 008b | 8424 8000 | 0000 83f8 

  0x00000184cc0111c8: ;   {metadata(method data for {method} {0x00000184f0bb4598} 'addNode' '(Lorg/w3c/dom/Node;III)I' in 'com/sun/org/apache/xml/internal/dtm/ref/dom2dtm/DOM2DTM')}
  0x00000184cc0111c8: 0149 b8e0 | f0bd f084 | 0100 0049 | c7c1 7008 | 0000 7507 | 49c7 c160 | 0800 004b | 8b3c 0848 
  0x00000184cc0111e8: 8d7f 014b | 893c 080f | 850d 0000 | 004c 8b8c | 2490 0000 | 00e9 3700 | 0000 83f8 

  0x00000184cc011204: ;   {metadata(method data for {method} {0x00000184f0bb4598} 'addNode' '(Lorg/w3c/dom/Node;III)I' in 'com/sun/org/apache/xml/internal/dtm/ref/dom2dtm/DOM2DTM')}
  0x00000184cc011204: 0249 b8e0 | f0bd f084 | 0100 0049 | c7c1 9008 | 0000 7507 | 49c7 c180 | 0800 004b | 8b3c 0848 
  0x00000184cc011224: 8d7f 014b | 893c 080f | 8500 0000 | 004c 8b8c | 2490 0000 | 004d 85c9 

  0x00000184cc01123c: ;   {metadata(method data for {method} {0x00000184f0bb4598} 'addNode' '(Lorg/w3c/dom/Node;III)I' in 'com/sun/org/apache/xml/internal/dtm/ref/dom2dtm/DOM2DTM')}
  0x00000184cc01123c: 49b8 e0f0 | bdf0 8401 | 0000 48c7 | c7a0 0800 | 0074 0748 | c7c7 b008 | 0000 498b | 1438 488d 
  0x00000184cc01125c: 5201 4989 | 1438 488b | b424 9800 | 0000 0f84 | 5200 0000 | 4c8b 8424 | 8800 0000 

  0x00000184cc011278: ; implicit exception: dispatches to 0x00000184cc011843
  0x00000184cc011278: 483b 0648 

  0x00000184cc01127c: ;   {metadata(method data for {method} {0x00000184f0bb4598} 'addNode' '(Lorg/w3c/dom/Node;III)I' in 'com/sun/org/apache/xml/internal/dtm/ref/dom2dtm/DOM2DTM')}
  0x00000184cc01127c: 8bfe 48ba | e0f0 bdf0 | 8401 0000 | 4883 82d8 | 0800 0001 | 488b f848 | 8bd6 8984 | 2480 0000 
  0x00000184cc01129c: ;   {optimized virtual_call}
  0x00000184cc01129c: 0066 90e8 

  0x00000184cc0112a0: ; ImmutableOopMap {[72]=Oop }
                      ;*invokevirtual getExpandedTypeID {reexecute=0 rethrow=0 return_oop=0}
                      ; - com.sun.org.apache.xml.internal.dtm.ref.dom2dtm.DOM2DTM::addNode@356
  0x00000184cc0112a0: 9907 0000 

  0x00000184cc0112a4: ;   {other}
  0x00000184cc0112a4: 0f1f 8400 | 1414 0013 

  0x00000184cc0112ac: ;   {metadata(method data for {method} {0x00000184f0bb4598} 'addNode' '(Lorg/w3c/dom/Node;III)I' in 'com/sun/org/apache/xml/internal/dtm/ref/dom2dtm/DOM2DTM')}
  0x00000184cc0112ac: 49b8 e0f0 | bdf0 8401 | 0000 41ff | 80f8 0800 | 00e9 4f00 | 0000 8984 | 2480 0000 | 0048 3b06 
  0x00000184cc0112cc: ;   {metadata(method data for {method} {0x00000184f0bb4598} 'addNode' '(Lorg/w3c/dom/Node;III)I' in 'com/sun/org/apache/xml/internal/dtm/ref/dom2dtm/DOM2DTM')}
  0x00000184cc0112cc: 49b8 e0f0 | bdf0 8401 | 0000 4983 | 8028 0900 

  0x00000184cc0112dc: ;   {metadata(method data for {method} {0x00000184f0ba7ad8} 'getExpandedTypeID' '(I)I' in 'com/sun/org/apache/xml/internal/dtm/ref/ExpandedNameTable')}
  0x00000184cc0112dc: 0001 49b8 | 609c bef0 | 8401 0000 | 458b 88cc | 0000 0041 | 83c1 0245 | 8988 cc00 | 0000 4181 
  0x00000184cc0112fc: e1fe ff1f | 0045 85c9 | 0f84 4305 | 0000 8b84 | 2480 0000 | 0048 8b54 | 2448 8b72 | 1448 3b06 
  0x00000184cc01131c: ;   {metadata(method data for {method} {0x00000184f0bb4598} 'addNode' '(Lorg/w3c/dom/Node;III)I' in 'com/sun/org/apache/xml/internal/dtm/ref/dom2dtm/DOM2DTM')}
  0x00000184cc01131c: 4c8b c649 | b9e0 f0bd | f084 0100 | 0049 8381 | 6009 0000 | 014c 8bc0 | 448b 4c24 | 6448 8bd6 
  0x00000184cc01133c: 8984 2484 | 0000 000f 

  0x00000184cc011344: ;   {optimized virtual_call}
  0x00000184cc011344: 1f40 00e8 

  0x00000184cc011348: ; ImmutableOopMap {[72]=Oop }
                      ;*invokevirtual setElementAt {reexecute=0 rethrow=0 return_oop=0}
                      ; - com.sun.org.apache.xml.internal.dtm.ref.dom2dtm.DOM2DTM::addNode@379
  0x00000184cc011348: 547a 1c00 

  0x00000184cc01134c: ;   {other}
  0x00000184cc01134c: 0f1f 8400 | bc14 0014 | 488b 5424 

  0x00000184cc011358: ;   {metadata(method data for {method} {0x00000184f0bb4598} 'addNode' '(Lorg/w3c/dom/Node;III)I' in 'com/sun/org/apache/xml/internal/dtm/ref/dom2dtm/DOM2DTM')}
  0x00000184cc011358: 4849 b8e0 | f0bd f084 | 0100 008b | 5208 48c1 | e203 493b | 9090 0900 | 0075 0d49 | 8380 9809 
  0x00000184cc011378: 0000 01e9 | 6000 0000 | 493b 90a0 | 0900 0075 | 0d49 8380 | a809 0000 | 01e9 4a00 | 0000 4983 
  0x00000184cc011398: b890 0900 | 0000 7517 | 4989 9090 | 0900 0049 | c780 9809 | 0000 0100 | 0000 e929 | 0000 0049 
  0x00000184cc0113b8: 83b8 a009 | 0000 0075 | 1749 8990 | a009 0000 | 49c7 80a8 | 0900 0001 | 0000 00e9 | 0800 0000 
  0x00000184cc0113d8: 4983 8080 | 0900 0001 | 448b 8424 | 8400 0000 | 448b 4c24 | 6448 8b54 | 2448 0f1f 

  0x00000184cc0113f4: ;   {optimized virtual_call}
  0x00000184cc0113f4: 4400 00e8 

  0x00000184cc0113f8: ; ImmutableOopMap {[72]=Oop }
                      ;*invokevirtual indexNode {reexecute=0 rethrow=0 return_oop=0}
                      ; - com.sun.org.apache.xml.internal.dtm.ref.dom2dtm.DOM2DTM::addNode@387
  0x00000184cc0113f8: 449f a6ff 

  0x00000184cc0113fc: ;   {other}
  0x00000184cc0113fc: 0f1f 8400 | 6c15 0015 | 8b7c 2454 

  0x00000184cc011408: ;   {metadata(method data for {method} {0x00000184f0bb4598} 'addNode' '(Lorg/w3c/dom/Node;III)I' in 'com/sun/org/apache/xml/internal/dtm/ref/dom2dtm/DOM2DTM')}
  0x00000184cc011408: 83ff ff49 | b8e0 f0bd | f084 0100 | 0049 c7c1 | b809 0000 | 7407 49c7 | c1c8 0900 | 004b 8b14 
  0x00000184cc011428: 0848 8d52 | 014b 8914 | 080f 843d | 0000 0048 | 8b54 2448 | 8b72 1c48 | 3b06 4c8b 

  0x00000184cc011444: ;   {metadata(method data for {method} {0x00000184f0bb4598} 'addNode' '(Lorg/w3c/dom/Node;III)I' in 'com/sun/org/apache/xml/internal/dtm/ref/dom2dtm/DOM2DTM')}
  0x00000184cc011444: c649 b9e0 | f0bd f084 | 0100 0049 | 8381 f009 | 0000 0144 | 8b44 2464 | 4c8b cf48 | 8bd6 0f1f 
  0x00000184cc011464: ;   {optimized virtual_call}
  0x00000184cc011464: 4400 00e8 

  0x00000184cc011468: ; ImmutableOopMap {[72]=Oop }
                      ;*invokevirtual setElementAt {reexecute=0 rethrow=0 return_oop=0}
                      ; - com.sun.org.apache.xml.internal.dtm.ref.dom2dtm.DOM2DTM::addNode@402
  0x00000184cc011468: 14d6 8a06 

  0x00000184cc01146c: ;   {other}
  0x00000184cc01146c: 0f1f 8400 | dc15 0016 | 8b84 2480 | 0000 0083 

  0x00000184cc01147c: ;   {metadata(method data for {method} {0x00000184f0bb4598} 'addNode' '(Lorg/w3c/dom/Node;III)I' in 'com/sun/org/apache/xml/internal/dtm/ref/dom2dtm/DOM2DTM')}
  0x00000184cc01147c: f80d 49b8 | e0f0 bdf0 | 8401 0000 | 49c7 c110 | 0a00 0075 | 0749 c7c1 | 200a 0000 | 4b8b 1408 
  0x00000184cc01149c: 488d 5201 | 4b89 1408 | 0f85 aa00 | 0000 488b 

  0x00000184cc0114ac: ;   {metadata(method data for {method} {0x00000184f0bb4598} 'addNode' '(Lorg/w3c/dom/Node;III)I' in 'com/sun/org/apache/xml/internal/dtm/ref/dom2dtm/DOM2DTM')}
  0x00000184cc0114ac: 5424 4849 | b8e0 f0bd | f084 0100 | 008b 5208 | 48c1 e203 | 493b 9040 | 0a00 0075 | 0d49 8380 
  0x00000184cc0114cc: 480a 0000 | 01e9 6000 | 0000 493b | 9050 0a00 | 0075 0d49 | 8380 580a | 0000 01e9 | 4a00 0000 
  0x00000184cc0114ec: 4983 b840 | 0a00 0000 | 7517 4989 | 9040 0a00 | 0049 c780 | 480a 0000 | 0100 0000 | e929 0000 
  0x00000184cc01150c: 0049 83b8 | 500a 0000 | 0075 1749 | 8990 500a | 0000 49c7 | 8058 0a00 | 0001 0000 | 00e9 0800 
  0x00000184cc01152c: 0000 4983 | 8030 0a00 | 0001 448b | 4424 6044 | 8b4c 2464 | 488b 5424 

  0x00000184cc011544: ;   {optimized virtual_call}
  0x00000184cc011544: 4866 90e8 

  0x00000184cc011548: ; ImmutableOopMap {}
                      ;*invokevirtual declareNamespaceInContext {reexecute=0 rethrow=0 return_oop=0}
                      ; - com.sun.org.apache.xml.internal.dtm.ref.dom2dtm.DOM2DTM::addNode@416
  0x00000184cc011548: 34d5 8a06 

  0x00000184cc01154c: ;   {other}
  0x00000184cc01154c: 0f1f 8400 | bc16 0017 | 8b44 2464 | 4881 c4c0 | 0000 005d 

  0x00000184cc011560: ;   {poll_return}
  0x00000184cc011560: 493b a750 | 0400 000f | 870b 0300 | 00c3 6690 

  0x00000184cc011570: ;   {no_reloc}
  0x00000184cc011570: e928 0300 | 0000 0000 | 0000 498b | 87b8 0100 | 0048 8d78 | 2849 3bbf | c801 0000 | 0f87 1503 
  0x00000184cc011590: 0000 4989 | bfb8 0100 | 0048 c700 | 0100 0000 | 488b ca48 | c1e9 0389 | 4808 4833 | c989 480c 
  0x00000184cc0115b0: 4833 c948 | 8948 1048 | 8948 1848 | 8948 2048 

  0x00000184cc0115c0: ;   {metadata(method data for {method} {0x00000184f0bb4598} 'addNode' '(Lorg/w3c/dom/Node;III)I' in 'com/sun/org/apache/xml/internal/dtm/ref/dom2dtm/DOM2DTM')}
  0x00000184cc0115c0: 8bd0 48be | e0f0 bdf0 | 8401 0000 | 4883 86c0 | 0100 0001 | 488b d048 | 8984 24a0 

  0x00000184cc0115dc: ;   {optimized virtual_call}
  0x00000184cc0115dc: 0000 00e8 

  0x00000184cc0115e0: ; ImmutableOopMap {[72]=Oop [88]=Oop [160]=Oop }
                      ;*invokespecial <init> {reexecute=0 rethrow=0 return_oop=0}
                      ; - com.sun.org.apache.xml.internal.dtm.ref.dom2dtm.DOM2DTM::addNode@37
  0x00000184cc0115e0: 9cd4 8a06 

  0x00000184cc0115e4: ;   {other}
  0x00000184cc0115e4: 0f1f 8400 | 5417 0018 | 488b 8424 

  0x00000184cc0115f0: ; ImmutableOopMap {rax=Oop [72]=Oop [88]=Oop }
                      ;*athrow {reexecute=1 rethrow=0 return_oop=0}
                      ; - (reexecute) com.sun.org.apache.xml.internal.dtm.ref.dom2dtm.DOM2DTM::addNode@40
  0x00000184cc0115f0: a000 0000 

  0x00000184cc0115f4: ;   {section_word}
  0x00000184cc0115f4: 48ba f415 | 01cc 8401 

  0x00000184cc0115fc: ;   {runtime_call handle_exception_nofpu Runtime1 stub}
  0x00000184cc0115fc: 0000 e8fd | 4c96 0690 | 498b 8700 | 0500 004d | 33d2 4d89 | 9700 0500 | 004d 33d2 | 4d89 9708 
  0x00000184cc01161c: ;   {oop("ER_NO_DTMIDS_AVAIL"{0x000000009258c020})}
  0x00000184cc01161c: 0500 0048 | ba20 c058 | 9200 0000 

  0x00000184cc011628: ;   {oop(nullptr)}
  0x00000184cc011628: 0049 b800 | 0000 0000 | 0000 000f 

  0x00000184cc011634: ;   {static_call}
  0x00000184cc011634: 1f40 00e8 

  0x00000184cc011638: ; ImmutableOopMap {[72]=Oop [88]=Oop }
                      ;*invokestatic createXMLMessage {reexecute=0 rethrow=0 return_oop=0}
                      ; - com.sun.org.apache.xml.internal.dtm.ref.dom2dtm.DOM2DTM::addNode@88
  0x00000184cc011638: 44da 8a06 

  0x00000184cc01163c: ;   {other}
  0x00000184cc01163c: 0f1f 8400 | ac17 001a | 4c8b c048 | 8b54 2448 

  0x00000184cc01164c: ;   {metadata(method data for {method} {0x00000184f0bb4598} 'addNode' '(Lorg/w3c/dom/Node;III)I' in 'com/sun/org/apache/xml/internal/dtm/ref/dom2dtm/DOM2DTM')}
  0x00000184cc01164c: 48b8 e0f0 | bdf0 8401 | 0000 8b52 | 0848 c1e2 | 0348 3b90 | e802 0000 | 750d 4883 | 80f0 0200 
  0x00000184cc01166c: 0001 e960 | 0000 0048 | 3b90 f802 | 0000 750d | 4883 8000 | 0300 0001 | e94a 0000 | 0048 83b8 
  0x00000184cc01168c: e802 0000 | 0075 1748 | 8990 e802 | 0000 48c7 | 80f0 0200 | 0001 0000 | 00e9 2900 | 0000 4883 
  0x00000184cc0116ac: b8f8 0200 | 0000 7517 | 4889 90f8 | 0200 0048 | c780 0003 | 0000 0100 | 0000 e908 | 0000 0048 
  0x00000184cc0116cc: 8380 d802 

  0x00000184cc0116d0: ;   {metadata(method data for {method} {0x00000184f0bbf2e8} 'error' '(Ljava/lang/String;)V' in 'com/sun/org/apache/xml/internal/dtm/ref/DTMDefaultBase')}
  0x00000184cc0116d0: 0000 0148 | ba18 9bbe | f084 0100 | 008b 82cc | 0000 0083 | c002 8982 | cc00 0000 | 25fe ff1f 
  0x00000184cc0116f0: 0085 c00f | 84bb 0100 | 000f 1f80 | 0000 0000 

  0x00000184cc011700: ;   {no_reloc}
  0x00000184cc011700: e9df 0100 | 0000 0000 | 0000 e9df | 0100 0048 

  0x00000184cc011710: ;   {metadata(method data for {method} {0x00000184f0bbf2e8} 'error' '(Ljava/lang/String;)V' in 'com/sun/org/apache/xml/internal/dtm/ref/DTMDefaultBase')}
  0x00000184cc011710: 8bd0 48be | 189b bef0 | 8401 0000 | 4883 8610 | 0100 0001 | 488b d048 | 8984 24a8 

  0x00000184cc01172c: ;   {optimized virtual_call}
  0x00000184cc01172c: 0000 00e8 

  0x00000184cc011730: ; ImmutableOopMap {[72]=Oop [88]=Oop [168]=Oop }
                      ;*invokespecial <init> {reexecute=0 rethrow=0 return_oop=0}
                      ; - com.sun.org.apache.xml.internal.dtm.ref.DTMDefaultBase::error@5
                      ; - com.sun.org.apache.xml.internal.dtm.ref.dom2dtm.DOM2DTM::addNode@91
  0x00000184cc011730: 4cd3 8a06 

  0x00000184cc011734: ;   {other}
  0x00000184cc011734: 0f1f 8400 | a418 001b | 488b 8424 | a800 0000 | e9cf 0100 

  0x00000184cc011748: ;   {metadata({method} {0x00000184f0bb4598} 'addNode' '(Lorg/w3c/dom/Node;III)I' in 'com/sun/org/apache/xml/internal/dtm/ref/dom2dtm/DOM2DTM')}
  0x00000184cc011748: 0049 ba90 | 45bb f084 | 0100 004c | 8954 2408 | 48c7 0424 | ffff ffff 

  0x00000184cc011760: ;   {runtime_call counter_overflow Runtime1 stub}
  0x00000184cc011760: e89b 8496 

  0x00000184cc011764: ; ImmutableOopMap {rdx=Oop r8=Oop [72]=Oop [88]=Oop }
                      ;*synchronization entry
                      ; - com.sun.org.apache.xml.internal.dtm.ref.dom2dtm.DOM2DTM::addNode@-1
  0x00000184cc011764: 06e9 b2eb 

  0x00000184cc011768: ;   {runtime_call throw_null_pointer_exception Runtime1 stub}
  0x00000184cc011768: ffff e891 

  0x00000184cc01176c: ; ImmutableOopMap {rdx=Oop rbx=Oop [72]=Oop [88]=Oop }
                      ;*invokeinterface size {reexecute=0 rethrow=0 return_oop=0}
                      ; - com.sun.org.apache.xml.internal.dtm.ref.dom2dtm.DOM2DTM::addNode@4
                      ;   {runtime_call throw_null_pointer_exception Runtime1 stub}
  0x00000184cc01176c: 3396 06e8 

  0x00000184cc011770: ; ImmutableOopMap {rdx=Oop rsi=Oop [72]=Oop [88]=Oop }
                      ;*invokevirtual size {reexecute=0 rethrow=0 return_oop=0}
                      ; - com.sun.org.apache.xml.internal.dtm.ref.dom2dtm.DOM2DTM::addNode@15
  0x00000184cc011770: 8c33 9606 | 4889 3424 

  0x00000184cc011778: ;   {runtime_call throw_class_cast_exception Runtime1 stub}
  0x00000184cc011778: e883 5796 

  0x00000184cc01177c: ; ImmutableOopMap {[72]=Oop [88]=Oop }
                      ;*checkcast {reexecute=0 rethrow=0 return_oop=0}
                      ; - com.sun.org.apache.xml.internal.dtm.ref.dom2dtm.DOM2DTM::addNode@45
                      ;   {runtime_call throw_null_pointer_exception Runtime1 stub}
  0x00000184cc01177c: 06e8 7e33 

  0x00000184cc011780: ; ImmutableOopMap {rsi=Oop [72]=Oop [88]=Oop }
                      ;*invokevirtual getFirstFreeDTMID {reexecute=0 rethrow=0 return_oop=0}
                      ; - com.sun.org.apache.xml.internal.dtm.ref.dom2dtm.DOM2DTM::addNode@52
                      ;   {runtime_call throw_null_pointer_exception Runtime1 stub}
  0x00000184cc011780: 9606 e879 

  0x00000184cc011784: ; ImmutableOopMap {rdx=Oop rsi=Oop [72]=Oop [88]=Oop }
                      ;*invokevirtual addElement {reexecute=0 rethrow=0 return_oop=0}
                      ; - com.sun.org.apache.xml.internal.dtm.ref.dom2dtm.DOM2DTM::addNode@76
                      ;   {runtime_call throw_null_pointer_exception Runtime1 stub}
  0x00000184cc011784: 3396 06e8 

  0x00000184cc011788: ; ImmutableOopMap {r8=Oop [72]=Oop [88]=Oop }
                      ;*invokeinterface getNodeType {reexecute=0 rethrow=0 return_oop=0}
                      ; - com.sun.org.apache.xml.internal.dtm.ref.dom2dtm.DOM2DTM::addNode@111
  0x00000184cc011788: 7433 9606 

  0x00000184cc01178c: ;   {runtime_call throw_null_pointer_exception Runtime1 stub}
  0x00000184cc01178c: e86f 3396 

  0x00000184cc011790: ; ImmutableOopMap {r8=Oop [72]=Oop [88]=Oop }
                      ;*invokeinterface getNodeName {reexecute=0 rethrow=0 return_oop=0}
                      ; - com.sun.org.apache.xml.internal.dtm.ref.dom2dtm.DOM2DTM::addNode@132
                      ;   {runtime_call throw_null_pointer_exception Runtime1 stub}
  0x00000184cc011790: 06e8 6a33 

  0x00000184cc011794: ; ImmutableOopMap {rax=Oop [72]=Oop [88]=Oop }
                      ;*invokevirtual startsWith {reexecute=0 rethrow=0 return_oop=0}
                      ; - com.sun.org.apache.xml.internal.dtm.ref.dom2dtm.DOM2DTM::addNode@143
                      ;   {metadata({method} {0x00000184e000b298} 'startsWith' '(Ljava/lang/String;)Z' in 'java/lang/String')}
  0x00000184cc011794: 9606 49ba | 90b2 00e0 | 8401 0000 | 4c89 5424 | 0848 c704 | 24ff ffff 

  0x00000184cc0117ac: ;   {runtime_call counter_overflow Runtime1 stub}
  0x00000184cc0117ac: ffe8 4e84 

  0x00000184cc0117b0: ; ImmutableOopMap {rax=Oop [72]=Oop [88]=Oop }
                      ;*synchronization entry
                      ; - java.lang.String::startsWith@-1
                      ; - com.sun.org.apache.xml.internal.dtm.ref.dom2dtm.DOM2DTM::addNode@143
  0x00000184cc0117b0: 9606 e9a1 

  0x00000184cc0117b4: ;   {runtime_call throw_null_pointer_exception Runtime1 stub}
  0x00000184cc0117b4: f0ff ffe8 

  0x00000184cc0117b8: ; ImmutableOopMap {rdx=Oop rsi=Oop [72]=Oop [88]=Oop }
                      ;*invokeinterface add {reexecute=0 rethrow=0 return_oop=0}
                      ; - com.sun.org.apache.xml.internal.dtm.ref.dom2dtm.DOM2DTM::addNode@168
  0x00000184cc0117b8: 4433 9606 

  0x00000184cc0117bc: ;   {runtime_call throw_null_pointer_exception Runtime1 stub}
  0x00000184cc0117bc: e83f 3396 

  0x00000184cc0117c0: ; ImmutableOopMap {rdx=Oop rsi=Oop [72]=Oop [88]=Oop }
                      ;*invokevirtual setElementAt {reexecute=0 rethrow=0 return_oop=0}
                      ; - com.sun.org.apache.xml.internal.dtm.ref.dom2dtm.DOM2DTM::addNode@182
                      ;   {runtime_call throw_null_pointer_exception Runtime1 stub}
  0x00000184cc0117c0: 06e8 3a33 

  0x00000184cc0117c4: ; ImmutableOopMap {rdx=Oop rsi=Oop [72]=Oop [88]=Oop }
                      ;*invokevirtual setElementAt {reexecute=0 rethrow=0 return_oop=0}
                      ; - com.sun.org.apache.xml.internal.dtm.ref.dom2dtm.DOM2DTM::addNode@193
                      ;   {runtime_call throw_null_pointer_exception Runtime1 stub}
  0x00000184cc0117c4: 9606 e835 

  0x00000184cc0117c8: ; ImmutableOopMap {rdx=Oop rsi=Oop [72]=Oop [88]=Oop }
                      ;*invokevirtual setElementAt {reexecute=0 rethrow=0 return_oop=0}
                      ; - com.sun.org.apache.xml.internal.dtm.ref.dom2dtm.DOM2DTM::addNode@203
                      ;   {runtime_call throw_null_pointer_exception Runtime1 stub}
  0x00000184cc0117c8: 3396 06e8 

  0x00000184cc0117cc: ; ImmutableOopMap {rdx=Oop rsi=Oop [72]=Oop [88]=Oop }
                      ;*invokevirtual setElementAt {reexecute=0 rethrow=0 return_oop=0}
                      ; - com.sun.org.apache.xml.internal.dtm.ref.dom2dtm.DOM2DTM::addNode@213
  0x00000184cc0117cc: 3033 9606 

  0x00000184cc0117d0: ;   {runtime_call throw_null_pointer_exception Runtime1 stub}
  0x00000184cc0117d0: e82b 3396 

  0x00000184cc0117d4: ; ImmutableOopMap {rdx=Oop rsi=Oop [72]=Oop [88]=Oop }
                      ;*invokevirtual elementAt {reexecute=0 rethrow=0 return_oop=0}
                      ; - com.sun.org.apache.xml.internal.dtm.ref.dom2dtm.DOM2DTM::addNode@241
                      ;   {metadata({method} {0x00000184f0bc3640} 'elementAt' '(I)I' in 'com/sun/org/apache/xml/internal/utils/SuballocatedIntVector')}
  0x00000184cc0117d4: 0649 ba38 | 36bc f084 | 0100 004c | 8954 2408 | 48c7 0424 | ffff ffff 

  0x00000184cc0117ec: ;   {runtime_call counter_overflow Runtime1 stub}
  0x00000184cc0117ec: e80f 8496 

  0x00000184cc0117f0: ; ImmutableOopMap {rdx=Oop rsi=Oop [72]=Oop [88]=Oop }
                      ;*synchronization entry
                      ; - com.sun.org.apache.xml.internal.utils.SuballocatedIntVector::elementAt@-1
                      ; - com.sun.org.apache.xml.internal.dtm.ref.dom2dtm.DOM2DTM::addNode@241
  0x00000184cc0117f0: 06e9 fcf3 

  0x00000184cc0117f4: ;   {runtime_call throw_null_pointer_exception Runtime1 stub}
  0x00000184cc0117f4: ffff e805 

  0x00000184cc0117f8: ; ImmutableOopMap {rdx=Oop rsi=Oop rcx=Oop [72]=Oop [88]=Oop }
                      ;*iaload {reexecute=0 rethrow=0 return_oop=0}
                      ; - com.sun.org.apache.xml.internal.utils.SuballocatedIntVector::elementAt@13
                      ; - com.sun.org.apache.xml.internal.dtm.ref.dom2dtm.DOM2DTM::addNode@241
                      ;   {runtime_call throw_null_pointer_exception Runtime1 stub}
  0x00000184cc0117f8: 3396 06e8 

  0x00000184cc0117fc: ; ImmutableOopMap {rdx=Oop rsi=Oop rcx=Oop [72]=Oop [88]=Oop }
                      ;*iaload {reexecute=0 rethrow=0 return_oop=0}
                      ; - com.sun.org.apache.xml.internal.utils.SuballocatedIntVector::elementAt@13
                      ; - com.sun.org.apache.xml.internal.dtm.ref.dom2dtm.DOM2DTM::addNode@241
  0x00000184cc0117fc: 0033 9606 | 4c89 0c24 | 4889 4c24 

  0x00000184cc011808: ;   {runtime_call throw_range_check_failed Runtime1 stub}
  0x00000184cc011808: 08e8 f229 

  0x00000184cc01180c: ; ImmutableOopMap {rdx=Oop rsi=Oop rcx=Oop [72]=Oop [88]=Oop }
                      ;*iaload {reexecute=0 rethrow=0 return_oop=0}
                      ; - com.sun.org.apache.xml.internal.utils.SuballocatedIntVector::elementAt@13
                      ; - com.sun.org.apache.xml.internal.dtm.ref.dom2dtm.DOM2DTM::addNode@241
                      ;   {runtime_call throw_null_pointer_exception Runtime1 stub}
  0x00000184cc01180c: 9606 e8ed 

  0x00000184cc011810: ; ImmutableOopMap {rdx=Oop rsi=Oop r8=Oop [72]=Oop [88]=Oop }
                      ;*aaload {reexecute=0 rethrow=0 return_oop=0}
                      ; - com.sun.org.apache.xml.internal.utils.SuballocatedIntVector::elementAt@25
                      ; - com.sun.org.apache.xml.internal.dtm.ref.dom2dtm.DOM2DTM::addNode@241
                      ;   {runtime_call throw_null_pointer_exception Runtime1 stub}
  0x00000184cc011810: 3296 06e8 

  0x00000184cc011814: ; ImmutableOopMap {rdx=Oop rsi=Oop r8=Oop [72]=Oop [88]=Oop }
                      ;*aaload {reexecute=0 rethrow=0 return_oop=0}
                      ; - com.sun.org.apache.xml.internal.utils.SuballocatedIntVector::elementAt@25
                      ; - com.sun.org.apache.xml.internal.dtm.ref.dom2dtm.DOM2DTM::addNode@241
  0x00000184cc011814: e832 9606 | 4889 3c24 | 4c89 4424 

  0x00000184cc011820: ;   {runtime_call throw_range_check_failed Runtime1 stub}
  0x00000184cc011820: 08e8 da29 

  0x00000184cc011824: ; ImmutableOopMap {rdx=Oop rsi=Oop r8=Oop [72]=Oop [88]=Oop }
                      ;*aaload {reexecute=0 rethrow=0 return_oop=0}
                      ; - com.sun.org.apache.xml.internal.utils.SuballocatedIntVector::elementAt@25
                      ; - com.sun.org.apache.xml.internal.dtm.ref.dom2dtm.DOM2DTM::addNode@241
                      ;   {runtime_call throw_null_pointer_exception Runtime1 stub}
  0x00000184cc011824: 9606 e8d5 

  0x00000184cc011828: ; ImmutableOopMap {rdx=Oop rsi=Oop r8=Oop [72]=Oop [88]=Oop }
                      ;*iaload {reexecute=0 rethrow=0 return_oop=0}
                      ; - com.sun.org.apache.xml.internal.utils.SuballocatedIntVector::elementAt@32
                      ; - com.sun.org.apache.xml.internal.dtm.ref.dom2dtm.DOM2DTM::addNode@241
                      ;   {runtime_call throw_null_pointer_exception Runtime1 stub}
  0x00000184cc011828: 3296 06e8 

  0x00000184cc01182c: ; ImmutableOopMap {rdx=Oop rsi=Oop r8=Oop [72]=Oop [88]=Oop }
                      ;*iaload {reexecute=0 rethrow=0 return_oop=0}
                      ; - com.sun.org.apache.xml.internal.utils.SuballocatedIntVector::elementAt@32
                      ; - com.sun.org.apache.xml.internal.dtm.ref.dom2dtm.DOM2DTM::addNode@241
  0x00000184cc01182c: d032 9606 | 4889 3c24 | 4c89 4424 

  0x00000184cc011838: ;   {runtime_call throw_range_check_failed Runtime1 stub}
  0x00000184cc011838: 08e8 c229 

  0x00000184cc01183c: ; ImmutableOopMap {rdx=Oop rsi=Oop r8=Oop [72]=Oop [88]=Oop }
                      ;*iaload {reexecute=0 rethrow=0 return_oop=0}
                      ; - com.sun.org.apache.xml.internal.utils.SuballocatedIntVector::elementAt@32
                      ; - com.sun.org.apache.xml.internal.dtm.ref.dom2dtm.DOM2DTM::addNode@241
                      ;   {runtime_call throw_null_pointer_exception Runtime1 stub}
  0x00000184cc01183c: 9606 e8bd 

  0x00000184cc011840: ; ImmutableOopMap {r8=Oop [72]=Oop [88]=Oop }
                      ;*invokeinterface getNamespaceURI {reexecute=0 rethrow=0 return_oop=0}
                      ; - com.sun.org.apache.xml.internal.dtm.ref.dom2dtm.DOM2DTM::addNode@258
                      ;   {runtime_call throw_null_pointer_exception Runtime1 stub}
  0x00000184cc011840: 3296 06e8 

  0x00000184cc011844: ; ImmutableOopMap {r9=Oop rsi=Oop r8=Oop [72]=Oop }
                      ;*invokevirtual getExpandedTypeID {reexecute=0 rethrow=0 return_oop=0}
                      ; - com.sun.org.apache.xml.internal.dtm.ref.dom2dtm.DOM2DTM::addNode@356
  0x00000184cc011844: b832 9606 

  0x00000184cc011848: ;   {runtime_call throw_null_pointer_exception Runtime1 stub}
  0x00000184cc011848: e8b3 3296 

  0x00000184cc01184c: ; ImmutableOopMap {rsi=Oop [72]=Oop }
                      ;*invokevirtual getExpandedTypeID {reexecute=0 rethrow=0 return_oop=0}
                      ; - com.sun.org.apache.xml.internal.dtm.ref.dom2dtm.DOM2DTM::addNode@366
                      ;   {metadata({method} {0x00000184f0ba7ad8} 'getExpandedTypeID' '(I)I' in 'com/sun/org/apache/xml/internal/dtm/ref/ExpandedNameTable')}
  0x00000184cc01184c: 0649 bad0 | 7aba f084 | 0100 004c | 8954 2408 | 48c7 0424 | ffff ffff 

  0x00000184cc011864: ;   {runtime_call counter_overflow Runtime1 stub}
  0x00000184cc011864: e897 8396 

  0x00000184cc011868: ; ImmutableOopMap {[72]=Oop }
                      ;*synchronization entry
                      ; - com.sun.org.apache.xml.internal.dtm.ref.ExpandedNameTable::getExpandedTypeID@-1
                      ; - com.sun.org.apache.xml.internal.dtm.ref.dom2dtm.DOM2DTM::addNode@366
  0x00000184cc011868: 06e9 9cfa 

  0x00000184cc01186c: ;   {runtime_call throw_null_pointer_exception Runtime1 stub}
  0x00000184cc01186c: ffff e88d 

  0x00000184cc011870: ; ImmutableOopMap {rdx=Oop rsi=Oop [72]=Oop }
                      ;*invokevirtual setElementAt {reexecute=0 rethrow=0 return_oop=0}
                      ; - com.sun.org.apache.xml.internal.dtm.ref.dom2dtm.DOM2DTM::addNode@379
                      ;   {runtime_call throw_null_pointer_exception Runtime1 stub}
  0x00000184cc011870: 3296 06e8 

  0x00000184cc011874: ; ImmutableOopMap {rdx=Oop rsi=Oop [72]=Oop }
                      ;*invokevirtual setElementAt {reexecute=0 rethrow=0 return_oop=0}
                      ; - com.sun.org.apache.xml.internal.dtm.ref.dom2dtm.DOM2DTM::addNode@402
  0x00000184cc011874: 8832 9606 

  0x00000184cc011878: ;   {internal_word}
  0x00000184cc011878: 49ba 6015 | 01cc 8401 | 0000 4d89 | 9768 0400 

  0x00000184cc011888: ;   {runtime_call SafepointBlob}
  0x00000184cc011888: 00e9 723b 

  0x00000184cc01188c: ;   {metadata(nullptr)}
  0x00000184cc01188c: 8b06 48ba | 0000 0000 | 0000 0000 | b800 0f05 

  0x00000184cc01189c: ;   {runtime_call load_klass_patching Runtime1 stub}
  0x00000184cc01189c: 0ae8 de72 

  0x00000184cc0118a0: ; ImmutableOopMap {[72]=Oop [88]=Oop }
                      ;*new {reexecute=1 rethrow=0 return_oop=0}
                      ; - (reexecute) com.sun.org.apache.xml.internal.dtm.ref.dom2dtm.DOM2DTM::addNode@33
  0x00000184cc0118a0: 9606 e9c9 | fcff ff48 

  0x00000184cc0118a8: ;   {runtime_call fast_new_instance Runtime1 stub}
  0x00000184cc0118a8: 8bd2 e851 

  0x00000184cc0118ac: ; ImmutableOopMap {[72]=Oop [88]=Oop }
                      ;*new {reexecute=0 rethrow=0 return_oop=0}
                      ; - com.sun.org.apache.xml.internal.dtm.ref.dom2dtm.DOM2DTM::addNode@33
  0x00000184cc0118ac: 3b96 06e9 | 0bfd ffff 

  0x00000184cc0118b4: ;   {metadata({method} {0x00000184f0bbf2e8} 'error' '(Ljava/lang/String;)V' in 'com/sun/org/apache/xml/internal/dtm/ref/DTMDefaultBase')}
  0x00000184cc0118b4: 49ba e0f2 | bbf0 8401 | 0000 4c89 | 5424 0848 | c704 24ff 

  0x00000184cc0118c8: ;   {runtime_call counter_overflow Runtime1 stub}
  0x00000184cc0118c8: ffff ffe8 

  0x00000184cc0118cc: ; ImmutableOopMap {r8=Oop [72]=Oop [88]=Oop }
                      ;*synchronization entry
                      ; - com.sun.org.apache.xml.internal.dtm.ref.DTMDefaultBase::error@-1
                      ; - com.sun.org.apache.xml.internal.dtm.ref.dom2dtm.DOM2DTM::addNode@91
  0x00000184cc0118cc: 3083 9606 | e924 feff 

  0x00000184cc0118d4: ;   {metadata(nullptr)}
  0x00000184cc0118d4: ff48 ba00 | 0000 0000 | 0000 00b8 | 000f 050a 

  0x00000184cc0118e4: ;   {runtime_call load_klass_patching Runtime1 stub}
  0x00000184cc0118e4: e897 7296 

  0x00000184cc0118e8: ; ImmutableOopMap {r8=Oop [72]=Oop [88]=Oop }
                      ;*new {reexecute=1 rethrow=0 return_oop=0}
                      ; - (reexecute) com.sun.org.apache.xml.internal.dtm.ref.DTMDefaultBase::error@0
                      ; - com.sun.org.apache.xml.internal.dtm.ref.dom2dtm.DOM2DTM::addNode@91
  0x00000184cc0118e8: 06e9 12fe | ffff 488b 

  0x00000184cc0118f0: ;   {runtime_call new_instance Runtime1 stub}
  0x00000184cc0118f0: d2e8 0a38 

  0x00000184cc0118f4: ; ImmutableOopMap {r8=Oop [72]=Oop [88]=Oop }
                      ;*new {reexecute=0 rethrow=0 return_oop=0}
                      ; - com.sun.org.apache.xml.internal.dtm.ref.DTMDefaultBase::error@0
                      ; - com.sun.org.apache.xml.internal.dtm.ref.dom2dtm.DOM2DTM::addNode@91
  0x00000184cc0118f4: 9606 e914 | feff ff49 | 8b87 0005 | 0000 49c7 | 8700 0500 | 0000 0000 | 0049 c787 | 0805 0000 
  0x00000184cc011914: 0000 0000 | 4881 c4c0 | 0000 005d 

  0x00000184cc011920: ;   {runtime_call unwind_exception Runtime1 stub}
  0x00000184cc011920: e9db 2296 | 06f4 f4f4 
[Stub Code]
  0x00000184cc011928: ;   {no_reloc}
  0x00000184cc011928: 0f1f 4400 

  0x00000184cc01192c: ;   {static_stub}
  0x00000184cc01192c: 0048 bb00 | 0000 0000 

  0x00000184cc011934: ;   {runtime_call nmethod}
  0x00000184cc011934: 0000 00e9 | fbff ffff 

  0x00000184cc01193c: ;   {static_stub}
  0x00000184cc01193c: 9048 bb00 | 0000 0000 

  0x00000184cc011944: ;   {runtime_call nmethod}
  0x00000184cc011944: 0000 00e9 | fbff ffff 

  0x00000184cc01194c: ;   {static_stub}
  0x00000184cc01194c: 9048 bb00 | 0000 0000 

  0x00000184cc011954: ;   {runtime_call nmethod}
  0x00000184cc011954: 0000 00e9 | fbff ffff 

  0x00000184cc01195c: ;   {static_stub}
  0x00000184cc01195c: 9048 bb00 | 0000 0000 

  0x00000184cc011964: ;   {runtime_call nmethod}
  0x00000184cc011964: 0000 00e9 | fbff ffff 

  0x00000184cc01196c: ;   {static_stub}
  0x00000184cc01196c: 9048 bb00 | 0000 0000 

  0x00000184cc011974: ;   {runtime_call nmethod}
  0x00000184cc011974: 0000 00e9 | fbff ffff 

  0x00000184cc01197c: ;   {static_stub}
  0x00000184cc01197c: 9048 bb00 | 0000 0000 

  0x00000184cc011984: ;   {runtime_call nmethod}
  0x00000184cc011984: 0000 00e9 | fbff ffff 

  0x00000184cc01198c: ;   {static_stub}
  0x00000184cc01198c: 9048 bb00 | 0000 0000 

  0x00000184cc011994: ;   {runtime_call nmethod}
  0x00000184cc011994: 0000 00e9 | fbff ffff 

  0x00000184cc01199c: ;   {static_stub}
  0x00000184cc01199c: 9048 bb00 | 0000 0000 

  0x00000184cc0119a4: ;   {runtime_call nmethod}
  0x00000184cc0119a4: 0000 00e9 | fbff ffff 

  0x00000184cc0119ac: ;   {static_stub}
  0x00000184cc0119ac: 9048 bb00 | 0000 0000 

  0x00000184cc0119b4: ;   {runtime_call nmethod}
  0x00000184cc0119b4: 0000 00e9 | fbff ffff 

  0x00000184cc0119bc: ;   {static_stub}
  0x00000184cc0119bc: 9048 bb00 | 0000 0000 

  0x00000184cc0119c4: ;   {runtime_call nmethod}
  0x00000184cc0119c4: 0000 00e9 | fbff ffff 

  0x00000184cc0119cc: ;   {static_stub}
  0x00000184cc0119cc: 9048 bb00 | 0000 0000 

  0x00000184cc0119d4: ;   {runtime_call nmethod}
  0x00000184cc0119d4: 0000 00e9 | fbff ffff 

  0x00000184cc0119dc: ;   {static_stub}
  0x00000184cc0119dc: 9048 bb00 | 0000 0000 

  0x00000184cc0119e4: ;   {runtime_call nmethod}
  0x00000184cc0119e4: 0000 00e9 | fbff ffff 

  0x00000184cc0119ec: ;   {static_stub}
  0x00000184cc0119ec: 9048 bb00 | 0000 0000 

  0x00000184cc0119f4: ;   {runtime_call nmethod}
  0x00000184cc0119f4: 0000 00e9 | fbff ffff 

  0x00000184cc0119fc: ;   {static_stub}
  0x00000184cc0119fc: 9048 bb00 | 0000 0000 

  0x00000184cc011a04: ;   {runtime_call nmethod}
  0x00000184cc011a04: 0000 00e9 | fbff ffff 

  0x00000184cc011a0c: ;   {static_stub}
  0x00000184cc011a0c: 9048 bb00 | 0000 0000 

  0x00000184cc011a14: ;   {runtime_call nmethod}
  0x00000184cc011a14: 0000 00e9 | fbff ffff 

  0x00000184cc011a1c: ;   {static_stub}
  0x00000184cc011a1c: 9048 bb00 | 0000 0000 

  0x00000184cc011a24: ;   {runtime_call nmethod}
  0x00000184cc011a24: 0000 00e9 | fbff ffff 

  0x00000184cc011a2c: ;   {static_stub}
  0x00000184cc011a2c: 9048 bb00 | 0000 0000 

  0x00000184cc011a34: ;   {runtime_call nmethod}
  0x00000184cc011a34: 0000 00e9 | fbff ffff 

  0x00000184cc011a3c: ;   {static_stub}
  0x00000184cc011a3c: 9048 bbe8 | 76ba f084 

  0x00000184cc011a44: ;   {runtime_call I2C/C2I adapters}
  0x00000184cc011a44: 0100 00e9 | 1990 8806 

  0x00000184cc011a4c: ;   {static_stub}
  0x00000184cc011a4c: 9048 bb00 | 0000 0000 

  0x00000184cc011a54: ;   {runtime_call nmethod}
  0x00000184cc011a54: 0000 00e9 | fbff ffff 

  0x00000184cc011a5c: ;   {static_stub}
  0x00000184cc011a5c: 9048 bb00 | 0000 0000 

  0x00000184cc011a64: ;   {runtime_call nmethod}
  0x00000184cc011a64: 0000 00e9 | fbff ffff 

  0x00000184cc011a6c: ;   {static_stub}
  0x00000184cc011a6c: 9048 bb00 | 0000 0000 

  0x00000184cc011a74: ;   {runtime_call nmethod}
  0x00000184cc011a74: 0000 00e9 | fbff ffff 

  0x00000184cc011a7c: ;   {static_stub}
  0x00000184cc011a7c: 9048 bb00 | 0000 0000 

  0x00000184cc011a84: ;   {runtime_call nmethod}
  0x00000184cc011a84: 0000 00e9 | fbff ffff 

  0x00000184cc011a8c: ;   {static_stub}
  0x00000184cc011a8c: 9048 bb00 | 0000 0000 

  0x00000184cc011a94: ;   {runtime_call nmethod}
  0x00000184cc011a94: 0000 00e9 | fbff ffff 

  0x00000184cc011a9c: ;   {static_stub}
  0x00000184cc011a9c: 9048 bb00 | 0000 0000 

  0x00000184cc011aa4: ;   {runtime_call nmethod}
  0x00000184cc011aa4: 0000 00e9 | fbff ffff 

  0x00000184cc011aac: ;   {static_stub}
  0x00000184cc011aac: 48bb 0000 | 0000 0000 

  0x00000184cc011ab4: ;   {runtime_call nmethod}
  0x00000184cc011ab4: 0000 e9fb 

  0x00000184cc011ab8: ;   {static_stub}
  0x00000184cc011ab8: ffff ff48 | bb00 0000 | 0000 0000 

  0x00000184cc011ac4: ;   {runtime_call nmethod}
  0x00000184cc011ac4: 00e9 fbff 

  0x00000184cc011ac8: ;   {static_stub}
  0x00000184cc011ac8: ffff 48bb | 0000 0000 | 0000 0000 

  0x00000184cc011ad4: ;   {runtime_call nmethod}
  0x00000184cc011ad4: e9fb ffff 

  0x00000184cc011ad8: ;   {runtime_call handle_exception_from_callee Runtime1 stub}
  0x00000184cc011ad8: ffe8 224e 

  0x00000184cc011adc: ;   {external_word}
  0x00000184cc011adc: 9606 48b9 | d061 40de | fb7f 0000 | 4883 e4f0 

  0x00000184cc011aec: ;   {runtime_call}
  0x00000184cc011aec: 48b8 90db | 0ede fb7f | 0000 ffd0 

  0x00000184cc011af8: ;   {section_word}
  0x00000184cc011af8: f449 baf9 | 1a01 cc84 | 0100 0041 

  0x00000184cc011b04: ;   {runtime_call DeoptimizationBlob}
  0x00000184cc011b04: 52e9 962b | 8b06 f4f4 | f4f4 f4f4 
[/MachCode]


---------------  P R O C E S S  ---------------

Threads class SMR info:
_java_thread_list=0x00000184e6286e80, length=140, elements={
0x00000184c5ed24e0, 0x00000184e40cd7e0, 0x00000184e40d0730, 0x00000184e40d1190,
0x00000184e40ddac0, 0x00000184e40d1bf0, 0x00000184e40d2260, 0x00000184e4107a80,
0x00000184e410d7c0, 0x00000184e4110270, 0x00000184e41073f0, 0x00000184e4108110,
0x00000184e4109b50, 0x00000184e410a1e0, 0x00000184e5674710, 0x00000184e5674da0,
0x00000184e5677500, 0x00000184e8031ca0, 0x00000184e802e820, 0x00000184e8030260,
0x00000184e802eeb0, 0x00000184e802f540, 0x00000184e71402f0, 0x00000184e71451b0,
0x00000184e7143770, 0x00000184e7144b20, 0x00000184e7145840, 0x00000184e71430e0,
0x00000184e7145ed0, 0x00000184e71423c0, 0x00000184e7144490, 0x00000184e7141d30,
0x00000184eb2e4c60, 0x00000184e8b38b70, 0x00000184e8b39890, 0x00000184e8b40190,
0x00000184e8b39200, 0x00000184e8b40820, 0x00000184e8b3d3a0, 0x00000184e8b3b960,
0x00000184e8b41540, 0x00000184e8b3a5b0, 0x00000184e8b3ac40, 0x00000184e8b428f0,
0x00000184e8b42f80, 0x00000184e8b3bff0, 0x00000184e8b44330, 0x00000184e8b43610,
0x00000184e8b43ca0, 0x00000184e8b449c0, 0x00000184e8b45050, 0x00000184e8b456e0,
0x00000184e8b45d70, 0x00000184e8b46a90, 0x00000184e8b47120, 0x00000184e5f0fae0,
0x00000184e5f10e90, 0x00000184e5f10170, 0x00000184e5f10800, 0x00000184e5f11520,
0x00000184e5f0d380, 0x00000184e5f0a590, 0x00000184e5f0ac20, 0x00000184e5f0e730,
0x00000184e5f0edc0, 0x00000184e5f12240, 0x00000184e5f0b2b0, 0x00000184e5f15030,
0x00000184e5f156c0, 0x00000184e5f15d50, 0x00000184e669a8b0, 0x00000184e669dd30,
0x00000184e669c980, 0x00000184e669ea50, 0x00000184e66a0b20, 0x00000184e669d6a0,
0x00000184e669a220, 0x00000184e669d010, 0x00000184e669e3c0, 0x00000184e669f0e0,
0x00000184e669f770, 0x00000184e66a0490, 0x00000184e6699b90, 0x00000184e66a11b0,
0x00000184e669af40, 0x00000184e669b5d0, 0x00000184e669bc60, 0x00000184e7208a10,
0x00000184e720be90, 0x00000184e7207cf0, 0x00000184e720c520, 0x00000184e720aae0,
0x00000184e720b800, 0x00000184e720cbb0, 0x00000184e720d240, 0x00000184e720e5f0,
0x00000184e720ec80, 0x00000184e5f0bfd0, 0x00000184e5f128d0, 0x00000184e5f0e0a0,
0x00000184e5f0c660, 0x00000184e5f0da10, 0x00000184e5f0b940, 0x00000184e5f12f60,
0x00000184e5f135f0, 0x00000184e5f0f450, 0x00000184e5f13c80, 0x00000184e5f163e0,
0x00000184e5f16a70, 0x00000184e5f17e20, 0x00000184e5f149a0, 0x00000184e5f19860,
0x00000184e5f184b0, 0x00000184e5a92430, 0x00000184e5a8cee0, 0x00000184e5a8fcd0,
0x00000184e5a8c1c0, 0x00000184e7147910, 0x00000184e7140980, 0x00000184e5675430,
0x00000184e5676150, 0x00000184e56767e0, 0x00000184e5676e70, 0x00000184eb2e0430,
0x00000184eb2e0ac0, 0x00000184e410a870, 0x00000184e9a53960, 0x00000184eb1de260,
0x00000184e9a525b0, 0x00000184e9a56de0, 0x00000184e9a57470, 0x00000184e9a52c40,
0x00000184e9a54680, 0x00000184e9a58820, 0x00000184e9a532d0, 0x00000184e9a51f20,
0x00000184e9a53ff0, 0x00000184e9a51890, 0x00000184e9a5b610, 0x00000184eb1d90a0
}

Java Threads: ( => current thread )
  0x00000184c5ed24e0 JavaThread "main"                              [_thread_blocked, id=6264, stack(0x0000004559400000,0x0000004559500000) (1024K)]
  0x00000184e40cd7e0 JavaThread "Common-Cleaner"             daemon [_thread_blocked, id=3112, stack(0x0000004559c00000,0x0000004559d00000) (1024K)]
  0x00000184e40d0730 JavaThread "Reference Handler"          daemon [_thread_blocked, id=10288, stack(0x0000004559d00000,0x0000004559e00000) (1024K)]
  0x00000184e40d1190 JavaThread "Finalizer"                  daemon [_thread_blocked, id=2208, stack(0x0000004559e00000,0x0000004559f00000) (1024K)]
  0x00000184e40ddac0 JavaThread "Signal Dispatcher"          daemon [_thread_blocked, id=7460, stack(0x0000004559f00000,0x000000455a000000) (1024K)]
  0x00000184e40d1bf0 JavaThread "Attach Listener"            daemon [_thread_blocked, id=14324, stack(0x000000455a000000,0x000000455a100000) (1024K)]
  0x00000184e40d2260 JavaThread "Service Thread"             daemon [_thread_blocked, id=18304, stack(0x000000455a100000,0x000000455a200000) (1024K)]
  0x00000184e4107a80 JavaThread "Monitor Deflation Thread"   daemon [_thread_blocked, id=4648, stack(0x000000455a200000,0x000000455a300000) (1024K)]
  0x00000184e410d7c0 JavaThread "C2 CompilerThread0"         daemon [_thread_blocked, id=14408, stack(0x000000455a300000,0x000000455a400000) (1024K)]
  0x00000184e4110270 JavaThread "C1 CompilerThread0"         daemon [_thread_blocked, id=1284, stack(0x000000455a400000,0x000000455a500000) (1024K)]
  0x00000184e41073f0 JavaThread "Notification Thread"        daemon [_thread_blocked, id=2364, stack(0x000000455a500000,0x000000455a600000) (1024K)]
  0x00000184e4108110 JavaThread "Daemon health stats"               [_thread_blocked, id=7480, stack(0x000000455ac00000,0x000000455ad00000) (1024K)]
  0x00000184e4109b50 JavaThread "Incoming local TCP Connector on port 50430"        [_thread_in_native, id=15628, stack(0x000000455ad00000,0x000000455ae00000) (1024K)]
  0x00000184e410a1e0 JavaThread "Daemon periodic checks"            [_thread_blocked, id=13756, stack(0x000000455ae00000,0x000000455af00000) (1024K)]
  0x00000184e5674710 JavaThread "Cache worker for journal cache (C:\Users\Lucas\.gradle\caches\journal-1)"        [_thread_blocked, id=15736, stack(0x000000455bc00000,0x000000455bd00000) (1024K)]
  0x00000184e5674da0 JavaThread "File lock request listener"        [_thread_in_native, id=14724, stack(0x000000455bd00000,0x000000455be00000) (1024K)]
  0x00000184e5677500 JavaThread "Cache worker for file hash cache (C:\Users\Lucas\.gradle\caches\9.3.1\fileHashes)"        [_thread_blocked, id=13384, stack(0x000000455be00000,0x000000455bf00000) (1024K)]
  0x00000184e8031ca0 JavaThread "File watcher server"        daemon [_thread_in_native, id=10528, stack(0x000000455c200000,0x000000455c300000) (1024K)]
  0x00000184e802e820 JavaThread "File watcher consumer"      daemon [_thread_blocked, id=16544, stack(0x000000455c300000,0x000000455c400000) (1024K)]
  0x00000184e8030260 JavaThread "jar transforms"                    [_thread_blocked, id=12652, stack(0x000000455c400000,0x000000455c500000) (1024K)]
  0x00000184e802eeb0 JavaThread "jar transforms Thread 2"           [_thread_blocked, id=15464, stack(0x000000455c500000,0x000000455c600000) (1024K)]
  0x00000184e802f540 JavaThread "jar transforms Thread 3"           [_thread_blocked, id=14816, stack(0x000000455c600000,0x000000455c700000) (1024K)]
  0x00000184e71402f0 JavaThread "jar transforms Thread 4"           [_thread_blocked, id=6620, stack(0x000000455c700000,0x000000455c800000) (1024K)]
  0x00000184e71451b0 JavaThread "jar transforms Thread 5"           [_thread_blocked, id=8880, stack(0x000000455c800000,0x000000455c900000) (1024K)]
  0x00000184e7143770 JavaThread "jar transforms Thread 6"           [_thread_blocked, id=10256, stack(0x000000455c900000,0x000000455ca00000) (1024K)]
  0x00000184e7144b20 JavaThread "jar transforms Thread 7"           [_thread_blocked, id=7548, stack(0x000000455ca00000,0x000000455cb00000) (1024K)]
  0x00000184e7145840 JavaThread "jar transforms Thread 8"           [_thread_blocked, id=11280, stack(0x000000455cb00000,0x000000455cc00000) (1024K)]
  0x00000184e71430e0 JavaThread "jar transforms Thread 9"           [_thread_blocked, id=15096, stack(0x000000455cc00000,0x000000455cd00000) (1024K)]
  0x00000184e7145ed0 JavaThread "jar transforms Thread 10"          [_thread_blocked, id=15276, stack(0x000000455cd00000,0x000000455ce00000) (1024K)]
  0x00000184e71423c0 JavaThread "jar transforms Thread 11"          [_thread_blocked, id=18000, stack(0x000000455ce00000,0x000000455cf00000) (1024K)]
  0x00000184e7144490 JavaThread "jar transforms Thread 12"          [_thread_blocked, id=5660, stack(0x000000455cf00000,0x000000455d000000) (1024K)]
  0x00000184e7141d30 JavaThread "Cache worker for file content cache (C:\Users\Lucas\.gradle\caches\9.3.1\fileContent)"        [_thread_blocked, id=13748, stack(0x000000455d100000,0x000000455d200000) (1024K)]
  0x00000184eb2e4c60 JavaThread "Memory manager"                    [_thread_blocked, id=7400, stack(0x000000455f100000,0x000000455f200000) (1024K)]
  0x00000184e8b38b70 JavaThread "Daemon Thread 2"                   [_thread_blocked, id=12096, stack(0x0000004559100000,0x0000004559200000) (1024K)]
  0x00000184e8b39890 JavaThread "Handler for socket connection from /127.0.0.1:50430 to /127.0.0.1:50661"        [_thread_in_native, id=6192, stack(0x0000004559200000,0x0000004559300000) (1024K)]
  0x00000184e8b40190 JavaThread "Cancel handler"                    [_thread_blocked, id=1116, stack(0x0000004559300000,0x0000004559400000) (1024K)]
  0x00000184e8b39200 JavaThread "Daemon worker Thread 2"            [_thread_blocked, id=11260, stack(0x000000455a600000,0x000000455a700000) (1024K)]
  0x00000184e8b40820 JavaThread "Asynchronous log dispatcher for DefaultDaemonConnection: socket connection from /127.0.0.1:50430 to /127.0.0.1:50661"        [_thread_blocked, id=16708, stack(0x000000455af00000,0x000000455b000000) (1024K)]
  0x00000184e8b3d3a0 JavaThread "Stdin handler"                     [_thread_blocked, id=8904, stack(0x000000455b000000,0x000000455b100000) (1024K)]
  0x00000184e8b3b960 JavaThread "Daemon client event forwarder"        [_thread_blocked, id=7788, stack(0x000000455b700000,0x000000455b800000) (1024K)]
  0x00000184e8b41540 JavaThread "Cache worker for file hash cache (E:\BDU\.gradle\9.3.1\fileHashes)"        [_thread_blocked, id=10720, stack(0x000000455b800000,0x000000455b900000) (1024K)]
  0x00000184e8b3a5b0 JavaThread "Cache worker for Build Output Cleanup Cache (E:\BDU\.gradle\buildOutputCleanup)"        [_thread_blocked, id=18124, stack(0x000000455b900000,0x000000455ba00000) (1024K)]
  0x00000184e8b3ac40 JavaThread "Cache worker for checksums cache (E:\BDU\.gradle\9.3.1\checksums)"        [_thread_blocked, id=16712, stack(0x000000455ba00000,0x000000455bb00000) (1024K)]
  0x00000184e8b428f0 JavaThread "Cache worker for cache directory md-supplier (C:\Users\Lucas\.gradle\caches\9.3.1\md-supplier)"        [_thread_blocked, id=17888, stack(0x000000455bb00000,0x000000455bc00000) (1024K)]
  0x00000184e8b42f80 JavaThread "Cache worker for cache directory md-rule (C:\Users\Lucas\.gradle\caches\9.3.1\md-rule)"        [_thread_blocked, id=5800, stack(0x000000455bf00000,0x000000455c000000) (1024K)]
  0x00000184e8b3bff0 JavaThread "Unconstrained build operations"        [_thread_blocked, id=19192, stack(0x000000455c100000,0x000000455c200000) (1024K)]
  0x00000184e8b44330 JavaThread "Unconstrained build operations Thread 2"        [_thread_blocked, id=12284, stack(0x000000455d000000,0x000000455d100000) (1024K)]
  0x00000184e8b43610 JavaThread "Unconstrained build operations Thread 3"        [_thread_blocked, id=19160, stack(0x000000455d200000,0x000000455d300000) (1024K)]
  0x00000184e8b43ca0 JavaThread "Unconstrained build operations Thread 4"        [_thread_blocked, id=6100, stack(0x000000455d300000,0x000000455d400000) (1024K)]
  0x00000184e8b449c0 JavaThread "Unconstrained build operations Thread 5"        [_thread_blocked, id=7880, stack(0x000000455d400000,0x000000455d500000) (1024K)]
  0x00000184e8b45050 JavaThread "Unconstrained build operations Thread 6"        [_thread_blocked, id=16952, stack(0x000000455d500000,0x000000455d600000) (1024K)]
  0x00000184e8b456e0 JavaThread "Unconstrained build operations Thread 7"        [_thread_blocked, id=13844, stack(0x000000455d600000,0x000000455d700000) (1024K)]
  0x00000184e8b45d70 JavaThread "Unconstrained build operations Thread 8"        [_thread_blocked, id=3284, stack(0x000000455d700000,0x000000455d800000) (1024K)]
  0x00000184e8b46a90 JavaThread "Unconstrained build operations Thread 9"        [_thread_blocked, id=16748, stack(0x000000455d800000,0x000000455d900000) (1024K)]
  0x00000184e8b47120 JavaThread "Unconstrained build operations Thread 10"        [_thread_blocked, id=13420, stack(0x000000455d900000,0x000000455da00000) (1024K)]
  0x00000184e5f0fae0 JavaThread "Unconstrained build operations Thread 11"        [_thread_blocked, id=2912, stack(0x000000455da00000,0x000000455db00000) (1024K)]
  0x00000184e5f10e90 JavaThread "Unconstrained build operations Thread 12"        [_thread_blocked, id=3108, stack(0x000000455db00000,0x000000455dc00000) (1024K)]
  0x00000184e5f10170 JavaThread "Unconstrained build operations Thread 13"        [_thread_blocked, id=12236, stack(0x000000455dc00000,0x000000455dd00000) (1024K)]
  0x00000184e5f10800 JavaThread "Unconstrained build operations Thread 14"        [_thread_blocked, id=10132, stack(0x000000455dd00000,0x000000455de00000) (1024K)]
  0x00000184e5f11520 JavaThread "Unconstrained build operations Thread 15"        [_thread_blocked, id=13828, stack(0x000000455de00000,0x000000455df00000) (1024K)]
  0x00000184e5f0d380 JavaThread "Unconstrained build operations Thread 16"        [_thread_blocked, id=15484, stack(0x000000455df00000,0x000000455e000000) (1024K)]
  0x00000184e5f0a590 JavaThread "Unconstrained build operations Thread 17"        [_thread_blocked, id=17516, stack(0x000000455e000000,0x000000455e100000) (1024K)]
  0x00000184e5f0ac20 JavaThread "Unconstrained build operations Thread 18"        [_thread_blocked, id=2980, stack(0x000000455e100000,0x000000455e200000) (1024K)]
  0x00000184e5f0e730 JavaThread "Unconstrained build operations Thread 19"        [_thread_blocked, id=3616, stack(0x000000455e200000,0x000000455e300000) (1024K)]
  0x00000184e5f0edc0 JavaThread "Unconstrained build operations Thread 20"        [_thread_blocked, id=6916, stack(0x000000455e300000,0x000000455e400000) (1024K)]
  0x00000184e5f12240 JavaThread "Unconstrained build operations Thread 21"        [_thread_blocked, id=12316, stack(0x000000455e400000,0x000000455e500000) (1024K)]
  0x00000184e5f0b2b0 JavaThread "Unconstrained build operations Thread 22"        [_thread_blocked, id=9688, stack(0x000000455e500000,0x000000455e600000) (1024K)]
  0x00000184e5f15030 JavaThread "Unconstrained build operations Thread 23"        [_thread_blocked, id=18356, stack(0x000000455e700000,0x000000455e800000) (1024K)]
  0x00000184e5f156c0 JavaThread "Unconstrained build operations Thread 24"        [_thread_blocked, id=3472, stack(0x000000455e800000,0x000000455e900000) (1024K)]
  0x00000184e5f15d50 JavaThread "Unconstrained build operations Thread 25"        [_thread_blocked, id=9000, stack(0x000000455e900000,0x000000455ea00000) (1024K)]
  0x00000184e669a8b0 JavaThread "Unconstrained build operations Thread 26"        [_thread_blocked, id=3772, stack(0x000000455ea00000,0x000000455eb00000) (1024K)]
  0x00000184e669dd30 JavaThread "Unconstrained build operations Thread 27"        [_thread_blocked, id=9900, stack(0x000000455eb00000,0x000000455ec00000) (1024K)]
  0x00000184e669c980 JavaThread "Unconstrained build operations Thread 28"        [_thread_blocked, id=15768, stack(0x000000455ec00000,0x000000455ed00000) (1024K)]
  0x00000184e669ea50 JavaThread "Unconstrained build operations Thread 29"        [_thread_blocked, id=13132, stack(0x000000455ed00000,0x000000455ee00000) (1024K)]
  0x00000184e66a0b20 JavaThread "Unconstrained build operations Thread 30"        [_thread_blocked, id=13252, stack(0x000000455ee00000,0x000000455ef00000) (1024K)]
  0x00000184e669d6a0 JavaThread "Unconstrained build operations Thread 31"        [_thread_blocked, id=15936, stack(0x000000455ef00000,0x000000455f000000) (1024K)]
  0x00000184e669a220 JavaThread "Unconstrained build operations Thread 32"        [_thread_blocked, id=9980, stack(0x000000455f000000,0x000000455f100000) (1024K)]
  0x00000184e669d010 JavaThread "Unconstrained build operations Thread 33"        [_thread_blocked, id=3904, stack(0x000000455f200000,0x000000455f300000) (1024K)]
  0x00000184e669e3c0 JavaThread "Unconstrained build operations Thread 34"        [_thread_blocked, id=10732, stack(0x000000455f300000,0x000000455f400000) (1024K)]
  0x00000184e669f0e0 JavaThread "Unconstrained build operations Thread 35"        [_thread_blocked, id=9476, stack(0x000000455f400000,0x000000455f500000) (1024K)]
  0x00000184e669f770 JavaThread "Unconstrained build operations Thread 36"        [_thread_blocked, id=2236, stack(0x000000455f500000,0x000000455f600000) (1024K)]
  0x00000184e66a0490 JavaThread "Unconstrained build operations Thread 37"        [_thread_blocked, id=18208, stack(0x000000455f600000,0x000000455f700000) (1024K)]
  0x00000184e6699b90 JavaThread "Unconstrained build operations Thread 38"        [_thread_blocked, id=16336, stack(0x000000455f700000,0x000000455f800000) (1024K)]
  0x00000184e66a11b0 JavaThread "Unconstrained build operations Thread 39"        [_thread_blocked, id=9252, stack(0x000000455f800000,0x000000455f900000) (1024K)]
  0x00000184e669af40 JavaThread "Unconstrained build operations Thread 40"        [_thread_blocked, id=12156, stack(0x000000455f900000,0x000000455fa00000) (1024K)]
  0x00000184e669b5d0 JavaThread "Unconstrained build operations Thread 41"        [_thread_blocked, id=17916, stack(0x000000455fa00000,0x000000455fb00000) (1024K)]
  0x00000184e669bc60 JavaThread "Unconstrained build operations Thread 42"        [_thread_blocked, id=15076, stack(0x000000455fb00000,0x000000455fc00000) (1024K)]
  0x00000184e7208a10 JavaThread "Unconstrained build operations Thread 43"        [_thread_blocked, id=6480, stack(0x000000455fc00000,0x000000455fd00000) (1024K)]
  0x00000184e720be90 JavaThread "Unconstrained build operations Thread 44"        [_thread_blocked, id=16924, stack(0x000000455fd00000,0x000000455fe00000) (1024K)]
  0x00000184e7207cf0 JavaThread "build event listener"              [_thread_blocked, id=1792, stack(0x000000455fe00000,0x000000455ff00000) (1024K)]
  0x00000184e720c520 JavaThread "build event listener"              [_thread_blocked, id=19420, stack(0x000000455ff00000,0x0000004560000000) (1024K)]
  0x00000184e720aae0 JavaThread "included builds"                   [_thread_blocked, id=16160, stack(0x0000004560000000,0x0000004560100000) (1024K)]
  0x00000184e720b800 JavaThread "Execution worker"                  [_thread_blocked, id=14104, stack(0x0000004560100000,0x0000004560200000) (1024K)]
  0x00000184e720cbb0 JavaThread "Execution worker Thread 2"         [_thread_blocked, id=17392, stack(0x0000004560200000,0x0000004560300000) (1024K)]
  0x00000184e720d240 JavaThread "Execution worker Thread 3"         [_thread_blocked, id=12820, stack(0x0000004560300000,0x0000004560400000) (1024K)]
  0x00000184e720e5f0 JavaThread "Execution worker Thread 4"         [_thread_blocked, id=10892, stack(0x0000004560400000,0x0000004560500000) (1024K)]
  0x00000184e720ec80 JavaThread "Execution worker Thread 5"         [_thread_blocked, id=4152, stack(0x0000004560500000,0x0000004560600000) (1024K)]
=>0x00000184e5f0bfd0 JavaThread "Execution worker Thread 6"         [_thread_in_Java, id=18196, stack(0x0000004560600000,0x0000004560700000) (1024K)]
  0x00000184e5f128d0 JavaThread "Execution worker Thread 7"         [_thread_blocked, id=3400, stack(0x0000004560700000,0x0000004560800000) (1024K)]
  0x00000184e5f0e0a0 JavaThread "Execution worker Thread 8"         [_thread_blocked, id=8244, stack(0x0000004560800000,0x0000004560900000) (1024K)]
  0x00000184e5f0c660 JavaThread "Execution worker Thread 9"         [_thread_blocked, id=9464, stack(0x0000004560900000,0x0000004560a00000) (1024K)]
  0x00000184e5f0da10 JavaThread "Execution worker Thread 10"        [_thread_blocked, id=3068, stack(0x0000004560a00000,0x0000004560b00000) (1024K)]
  0x00000184e5f0b940 JavaThread "Execution worker Thread 11"        [_thread_blocked, id=18728, stack(0x0000004560b00000,0x0000004560c00000) (1024K)]
  0x00000184e5f12f60 JavaThread "Cache worker for execution history cache (E:\BDU\.gradle\9.3.1\executionHistory)"        [_thread_blocked, id=18776, stack(0x0000004560c00000,0x0000004560d00000) (1024K)]
  0x00000184e5f135f0 JavaThread "Unconstrained build operations Thread 45"        [_thread_blocked, id=13412, stack(0x0000004560d00000,0x0000004560e00000) (1024K)]
  0x00000184e5f0f450 JavaThread "Unconstrained build operations Thread 46"        [_thread_blocked, id=8504, stack(0x0000004560e00000,0x0000004560f00000) (1024K)]
  0x00000184e5f13c80 JavaThread "Unconstrained build operations Thread 47"        [_thread_blocked, id=19352, stack(0x0000004560f00000,0x0000004561000000) (1024K)]
  0x00000184e5f163e0 JavaThread "Unconstrained build operations Thread 48"        [_thread_blocked, id=6940, stack(0x0000004561000000,0x0000004561100000) (1024K)]
  0x00000184e5f16a70 JavaThread "Unconstrained build operations Thread 49"        [_thread_blocked, id=17724, stack(0x0000004561100000,0x0000004561200000) (1024K)]
  0x00000184e5f17e20 JavaThread "Unconstrained build operations Thread 50"        [_thread_blocked, id=16548, stack(0x0000004561200000,0x0000004561300000) (1024K)]
  0x00000184e5f149a0 JavaThread "Unconstrained build operations Thread 51"        [_thread_blocked, id=1880, stack(0x0000004561300000,0x0000004561400000) (1024K)]
  0x00000184e5f19860 JavaThread "Unconstrained build operations Thread 52"        [_thread_blocked, id=12792, stack(0x0000004561400000,0x0000004561500000) (1024K)]
  0x00000184e5f184b0 JavaThread "Unconstrained build operations Thread 53"        [_thread_blocked, id=8596, stack(0x0000004561500000,0x0000004561600000) (1024K)]
  0x00000184e5a92430 JavaThread "Unconstrained build operations Thread 54"        [_thread_blocked, id=13508, stack(0x0000004561600000,0x0000004561700000) (1024K)]
  0x00000184e5a8cee0 JavaThread "Unconstrained build operations Thread 55"        [_thread_blocked, id=12928, stack(0x0000004561700000,0x0000004561800000) (1024K)]
  0x00000184e5a8fcd0 JavaThread "Unconstrained build operations Thread 56"        [_thread_blocked, id=7240, stack(0x0000004561800000,0x0000004561900000) (1024K)]
  0x00000184e5a8c1c0 JavaThread "Unconstrained build operations Thread 57"        [_thread_blocked, id=14980, stack(0x0000004561900000,0x0000004561a00000) (1024K)]
  0x00000184e7147910 JavaThread "Unconstrained build operations Thread 58"        [_thread_blocked, id=4908, stack(0x0000004561a00000,0x0000004561b00000) (1024K)]
  0x00000184e7140980 JavaThread "Unconstrained build operations Thread 59"        [_thread_blocked, id=14508, stack(0x0000004561b00000,0x0000004561c00000) (1024K)]
  0x00000184e5675430 JavaThread "Unconstrained build operations Thread 60"        [_thread_blocked, id=10764, stack(0x0000004561c00000,0x0000004561d00000) (1024K)]
  0x00000184e5676150 JavaThread "Unconstrained build operations Thread 61"        [_thread_blocked, id=3720, stack(0x0000004561d00000,0x0000004561e00000) (1024K)]
  0x00000184e56767e0 JavaThread "Unconstrained build operations Thread 62"        [_thread_blocked, id=12148, stack(0x0000004561e00000,0x0000004561f00000) (1024K)]
  0x00000184e5676e70 JavaThread "Unconstrained build operations Thread 63"        [_thread_blocked, id=14904, stack(0x0000004561f00000,0x0000004562000000) (1024K)]
  0x00000184eb2e0430 JavaThread "Unconstrained build operations Thread 64"        [_thread_blocked, id=8264, stack(0x0000004562000000,0x0000004562100000) (1024K)]
  0x00000184eb2e0ac0 JavaThread "Unconstrained build operations Thread 65"        [_thread_blocked, id=5456, stack(0x0000004562100000,0x0000004562200000) (1024K)]
  0x00000184e410a870 JavaThread "Unconstrained build operations Thread 66"        [_thread_blocked, id=11604, stack(0x0000004562200000,0x0000004562300000) (1024K)]
  0x00000184e9a53960 JavaThread "WorkerExecutor Queue"              [_thread_blocked, id=5316, stack(0x0000004562300000,0x0000004562400000) (1024K)]
  0x00000184eb1de260 JavaThread "C2 CompilerThread1"         daemon [_thread_blocked, id=6716, stack(0x000000455c000000,0x000000455c100000) (1024K)]
  0x00000184e9a525b0 JavaThread "Unconstrained build operations Thread 67"        [_thread_blocked, id=15004, stack(0x000000455e600000,0x000000455e700000) (1024K)]
  0x00000184e9a56de0 JavaThread "Unconstrained build operations Thread 68"        [_thread_blocked, id=18032, stack(0x0000004562400000,0x0000004562500000) (1024K)]
  0x00000184e9a57470 JavaThread "Unconstrained build operations Thread 69"        [_thread_blocked, id=9956, stack(0x0000004562500000,0x0000004562600000) (1024K)]
  0x00000184e9a52c40 JavaThread "Unconstrained build operations Thread 70"        [_thread_blocked, id=7016, stack(0x0000004562600000,0x0000004562700000) (1024K)]
  0x00000184e9a54680 JavaThread "Unconstrained build operations Thread 71"        [_thread_blocked, id=16036, stack(0x0000004562700000,0x0000004562800000) (1024K)]
  0x00000184e9a58820 JavaThread "Unconstrained build operations Thread 72"        [_thread_blocked, id=8748, stack(0x0000004562800000,0x0000004562900000) (1024K)]
  0x00000184e9a532d0 JavaThread "Unconstrained build operations Thread 73"        [_thread_blocked, id=5676, stack(0x0000004562900000,0x0000004562a00000) (1024K)]
  0x00000184e9a51f20 JavaThread "Unconstrained build operations Thread 74"        [_thread_blocked, id=5976, stack(0x0000004562a00000,0x0000004562b00000) (1024K)]
  0x00000184e9a53ff0 JavaThread "Unconstrained build operations Thread 75"        [_thread_blocked, id=14596, stack(0x0000004562b00000,0x0000004562c00000) (1024K)]
  0x00000184e9a51890 JavaThread "Unconstrained build operations Thread 76"        [_thread_blocked, id=10744, stack(0x0000004562c00000,0x0000004562d00000) (1024K)]
  0x00000184e9a5b610 JavaThread "Unconstrained build operations Thread 77"        [_thread_blocked, id=3504, stack(0x0000004562d00000,0x0000004562e00000) (1024K)]
  0x00000184eb1d90a0 JavaThread "C2 CompilerThread2"         daemon [_thread_blocked, id=15848, stack(0x0000004562e00000,0x0000004562f00000) (1024K)]
Total: 140

Other Threads:
  0x00000184e4009f10 VMThread "VM Thread"                           [id=11236, stack(0x0000004559b00000,0x0000004559c00000) (1024K)]
  0x00000184dfd267a0 WatcherThread "VM Periodic Task Thread"        [id=3344, stack(0x0000004559a00000,0x0000004559b00000) (1024K)]
  0x00000184c8228a10 WorkerThread "GC Thread#0"                     [id=1128, stack(0x0000004559500000,0x0000004559600000) (1024K)]
  0x00000184e48ae830 WorkerThread "GC Thread#1"                     [id=14684, stack(0x000000455a700000,0x000000455a800000) (1024K)]
  0x00000184e48aebe0 WorkerThread "GC Thread#2"                     [id=19348, stack(0x000000455a800000,0x000000455a900000) (1024K)]
  0x00000184e48aef90 WorkerThread "GC Thread#3"                     [id=12764, stack(0x000000455a900000,0x000000455aa00000) (1024K)]
  0x00000184e48af340 WorkerThread "GC Thread#4"                     [id=1096, stack(0x000000455aa00000,0x000000455ab00000) (1024K)]
  0x00000184e48af6f0 WorkerThread "GC Thread#5"                     [id=17144, stack(0x000000455ab00000,0x000000455ac00000) (1024K)]
  0x00000184e5b77670 WorkerThread "GC Thread#6"                     [id=6056, stack(0x000000455b100000,0x000000455b200000) (1024K)]
  0x00000184e5b78240 WorkerThread "GC Thread#7"                     [id=11456, stack(0x000000455b200000,0x000000455b300000) (1024K)]
  0x00000184e56f1c40 WorkerThread "GC Thread#8"                     [id=17544, stack(0x000000455b300000,0x000000455b400000) (1024K)]
  0x00000184e56f3260 WorkerThread "GC Thread#9"                     [id=732, stack(0x000000455b400000,0x000000455b500000) (1024K)]
  0x00000184c823aa90 ConcurrentGCThread "G1 Main Marker"            [id=17272, stack(0x0000004559600000,0x0000004559700000) (1024K)]
  0x00000184c823bc50 WorkerThread "G1 Conc#0"                       [id=2092, stack(0x0000004559700000,0x0000004559800000) (1024K)]
  0x00000184e56f2eb0 WorkerThread "G1 Conc#1"                       [id=13720, stack(0x000000455b500000,0x000000455b600000) (1024K)]
  0x00000184e56f3610 WorkerThread "G1 Conc#2"                       [id=4300, stack(0x000000455b600000,0x000000455b700000) (1024K)]
  0x00000184dfbf6eb0 ConcurrentGCThread "G1 Refine#0"               [id=3244, stack(0x0000004559800000,0x0000004559900000) (1024K)]
  0x00000184dfbf7940 ConcurrentGCThread "G1 Service"                [id=8772, stack(0x0000004559900000,0x0000004559a00000) (1024K)]
Total: 18

Threads with active compile tasks:
Total: 0

VM state: not at safepoint (normal execution)

VM Mutex/Monitor currently owned by a thread: None

Heap address: 0x0000000080000000, size: 2048 MB, Compressed Oops mode: 32-bit

CDS archive(s) not mapped
Compressed class space mapped at: 0x0000000100000000-0x0000000140000000, reserved size: 1073741824
Narrow klass base: 0x0000000000000000, Narrow klass shift: 3, Narrow klass range: 0x140000000

GC Precious Log:
 CardTable entry size: 512
 Card Set container configuration: InlinePtr #cards 5 size 8 Array Of Cards #cards 12 size 40 Howl #buckets 4 coarsen threshold 1843 Howl Bitmap #cards 512 size 80 coarsen threshold 460 Card regions per heap region 1 cards per card region 2048
 CPUs: 12 total, 12 available
 Memory: 16277M
 Large Page Support: Disabled
 NUMA Support: Disabled
 Compressed Oops: Enabled (32-bit)
 Heap Region Size: 1M
 Heap Min Capacity: 8M
 Heap Initial Capacity: 256M
 Heap Max Capacity: 2G
 Pre-touch: Disabled
 Parallel Workers: 10
 Concurrent Workers: 3
 Concurrent Refinement Workers: 10
 Periodic GC: Disabled

Heap:
 garbage-first heap   total 358400K, used 273171K [0x0000000080000000, 0x0000000100000000)
  region size 1024K, 53 young (54272K), 12 survivors (12288K)
 Metaspace       used 146969K, committed 149568K, reserved 1179648K
  class space    used 20228K, committed 21504K, reserved 1048576K

Heap Regions: E=young(eden), S=young(survivor), O=old, HS=humongous(starts), HC=humongous(continues), CS=collection set, F=free, TAMS=top-at-mark-start, PB=parsable bottom
|   0|0x0000000080000000, 0x0000000080100000, 0x0000000080100000|100%|HS|  |TAMS 0x0000000080000000| PB 0x0000000080000000| Complete 
|   1|0x0000000080100000, 0x0000000080200000, 0x0000000080200000|100%|HC|  |TAMS 0x0000000080100000| PB 0x0000000080100000| Complete 
|   2|0x0000000080200000, 0x0000000080300000, 0x0000000080300000|100%|HC|  |TAMS 0x0000000080200000| PB 0x0000000080200000| Complete 
|   3|0x0000000080300000, 0x0000000080400000, 0x0000000080400000|100%|HC|  |TAMS 0x0000000080300000| PB 0x0000000080300000| Complete 
|   4|0x0000000080400000, 0x0000000080500000, 0x0000000080500000|100%| O|  |TAMS 0x0000000080400000| PB 0x0000000080400000| Untracked 
|   5|0x0000000080500000, 0x0000000080600000, 0x0000000080600000|100%| O|  |TAMS 0x0000000080500000| PB 0x0000000080500000| Untracked 
|   6|0x0000000080600000, 0x0000000080700000, 0x0000000080700000|100%| O|  |TAMS 0x0000000080600000| PB 0x0000000080600000| Untracked 
|   7|0x0000000080700000, 0x0000000080800000, 0x0000000080800000|100%|HS|  |TAMS 0x0000000080700000| PB 0x0000000080700000| Complete 
|   8|0x0000000080800000, 0x0000000080900000, 0x0000000080900000|100%| O|  |TAMS 0x0000000080800000| PB 0x0000000080800000| Untracked 
|   9|0x0000000080900000, 0x0000000080a00000, 0x0000000080a00000|100%| O|  |TAMS 0x0000000080900000| PB 0x0000000080900000| Untracked 
|  10|0x0000000080a00000, 0x0000000080b00000, 0x0000000080b00000|100%| O|  |TAMS 0x0000000080a00000| PB 0x0000000080a00000| Untracked 
|  11|0x0000000080b00000, 0x0000000080c00000, 0x0000000080c00000|100%| O|  |TAMS 0x0000000080b00000| PB 0x0000000080b00000| Untracked 
|  12|0x0000000080c00000, 0x0000000080d00000, 0x0000000080d00000|100%| O|  |TAMS 0x0000000080c00000| PB 0x0000000080c00000| Untracked 
|  13|0x0000000080d00000, 0x0000000080e00000, 0x0000000080e00000|100%| O|  |TAMS 0x0000000080d00000| PB 0x0000000080d00000| Untracked 
|  14|0x0000000080e00000, 0x0000000080f00000, 0x0000000080f00000|100%| O|  |TAMS 0x0000000080e00000| PB 0x0000000080e00000| Untracked 
|  15|0x0000000080f00000, 0x0000000081000000, 0x0000000081000000|100%| O|  |TAMS 0x0000000080f00000| PB 0x0000000080f00000| Untracked 
|  16|0x0000000081000000, 0x0000000081100000, 0x0000000081100000|100%| O|  |TAMS 0x0000000081000000| PB 0x0000000081000000| Untracked 
|  17|0x0000000081100000, 0x0000000081200000, 0x0000000081200000|100%| O|  |TAMS 0x0000000081100000| PB 0x0000000081100000| Untracked 
|  18|0x0000000081200000, 0x0000000081300000, 0x0000000081300000|100%| O|  |TAMS 0x0000000081200000| PB 0x0000000081200000| Untracked 
|  19|0x0000000081300000, 0x0000000081400000, 0x0000000081400000|100%| O|  |TAMS 0x0000000081300000| PB 0x0000000081300000| Untracked 
|  20|0x0000000081400000, 0x0000000081500000, 0x0000000081500000|100%| O|  |TAMS 0x0000000081400000| PB 0x0000000081400000| Untracked 
|  21|0x0000000081500000, 0x0000000081600000, 0x0000000081600000|100%| O|  |TAMS 0x0000000081500000| PB 0x0000000081500000| Untracked 
|  22|0x0000000081600000, 0x0000000081700000, 0x0000000081700000|100%|HS|  |TAMS 0x0000000081600000| PB 0x0000000081600000| Complete 
|  23|0x0000000081700000, 0x0000000081800000, 0x0000000081800000|100%| O|  |TAMS 0x0000000081700000| PB 0x0000000081700000| Untracked 
|  24|0x0000000081800000, 0x0000000081900000, 0x0000000081900000|100%|HS|  |TAMS 0x0000000081800000| PB 0x0000000081800000| Complete 
|  25|0x0000000081900000, 0x0000000081a00000, 0x0000000081a00000|100%|HC|  |TAMS 0x0000000081900000| PB 0x0000000081900000| Complete 
|  26|0x0000000081a00000, 0x0000000081b00000, 0x0000000081b00000|100%|HC|  |TAMS 0x0000000081a00000| PB 0x0000000081a00000| Complete 
|  27|0x0000000081b00000, 0x0000000081c00000, 0x0000000081c00000|100%|HC|  |TAMS 0x0000000081b00000| PB 0x0000000081b00000| Complete 
|  28|0x0000000081c00000, 0x0000000081d00000, 0x0000000081d00000|100%|HC|  |TAMS 0x0000000081c00000| PB 0x0000000081c00000| Complete 
|  29|0x0000000081d00000, 0x0000000081e00000, 0x0000000081e00000|100%|HC|  |TAMS 0x0000000081d00000| PB 0x0000000081d00000| Complete 
|  30|0x0000000081e00000, 0x0000000081f00000, 0x0000000081f00000|100%|HS|  |TAMS 0x0000000081e00000| PB 0x0000000081e00000| Complete 
|  31|0x0000000081f00000, 0x0000000082000000, 0x0000000082000000|100%|HC|  |TAMS 0x0000000081f00000| PB 0x0000000081f00000| Complete 
|  32|0x0000000082000000, 0x0000000082100000, 0x0000000082100000|100%| O|  |TAMS 0x0000000082000000| PB 0x0000000082000000| Untracked 
|  33|0x0000000082100000, 0x0000000082200000, 0x0000000082200000|100%|HS|  |TAMS 0x0000000082100000| PB 0x0000000082100000| Complete 
|  34|0x0000000082200000, 0x0000000082300000, 0x0000000082300000|100%|HC|  |TAMS 0x0000000082200000| PB 0x0000000082200000| Complete 
|  35|0x0000000082300000, 0x0000000082400000, 0x0000000082400000|100%|HC|  |TAMS 0x0000000082300000| PB 0x0000000082300000| Complete 
|  36|0x0000000082400000, 0x0000000082500000, 0x0000000082500000|100%|HC|  |TAMS 0x0000000082400000| PB 0x0000000082400000| Complete 
|  37|0x0000000082500000, 0x0000000082600000, 0x0000000082600000|100%|HC|  |TAMS 0x0000000082500000| PB 0x0000000082500000| Complete 
|  38|0x0000000082600000, 0x0000000082700000, 0x0000000082700000|100%|HC|  |TAMS 0x0000000082600000| PB 0x0000000082600000| Complete 
|  39|0x0000000082700000, 0x0000000082800000, 0x0000000082800000|100%|HS|  |TAMS 0x0000000082700000| PB 0x0000000082700000| Complete 
|  40|0x0000000082800000, 0x0000000082900000, 0x0000000082900000|100%|HC|  |TAMS 0x0000000082800000| PB 0x0000000082800000| Complete 
|  41|0x0000000082900000, 0x0000000082a00000, 0x0000000082a00000|100%|HS|  |TAMS 0x0000000082900000| PB 0x0000000082900000| Complete 
|  42|0x0000000082a00000, 0x0000000082b00000, 0x0000000082b00000|100%| O|  |TAMS 0x0000000082a00000| PB 0x0000000082a00000| Untracked 
|  43|0x0000000082b00000, 0x0000000082c00000, 0x0000000082c00000|100%| O|  |TAMS 0x0000000082b00000| PB 0x0000000082b00000| Untracked 
|  44|0x0000000082c00000, 0x0000000082d00000, 0x0000000082d00000|100%| O|  |TAMS 0x0000000082c00000| PB 0x0000000082c00000| Untracked 
|  45|0x0000000082d00000, 0x0000000082e00000, 0x0000000082e00000|100%| O|  |TAMS 0x0000000082d00000| PB 0x0000000082d00000| Untracked 
|  46|0x0000000082e00000, 0x0000000082f00000, 0x0000000082f00000|100%| O|  |TAMS 0x0000000082e00000| PB 0x0000000082e00000| Untracked 
|  47|0x0000000082f00000, 0x0000000083000000, 0x0000000083000000|100%| O|  |TAMS 0x0000000082f00000| PB 0x0000000082f00000| Untracked 
|  48|0x0000000083000000, 0x0000000083100000, 0x0000000083100000|100%| O|  |TAMS 0x0000000083000000| PB 0x0000000083000000| Untracked 
|  49|0x0000000083100000, 0x0000000083200000, 0x0000000083200000|100%|HS|  |TAMS 0x0000000083100000| PB 0x0000000083100000| Complete 
|  50|0x0000000083200000, 0x0000000083300000, 0x0000000083300000|100%|HC|  |TAMS 0x0000000083200000| PB 0x0000000083200000| Complete 
|  51|0x0000000083300000, 0x0000000083400000, 0x0000000083400000|100%| O|  |TAMS 0x0000000083300000| PB 0x0000000083300000| Untracked 
|  52|0x0000000083400000, 0x0000000083500000, 0x0000000083500000|100%| O|  |TAMS 0x0000000083400000| PB 0x0000000083400000| Untracked 
|  53|0x0000000083500000, 0x0000000083600000, 0x0000000083600000|100%| O|  |TAMS 0x0000000083500000| PB 0x0000000083500000| Untracked 
|  54|0x0000000083600000, 0x0000000083700000, 0x0000000083700000|100%| O|  |TAMS 0x0000000083600000| PB 0x0000000083600000| Untracked 
|  55|0x0000000083700000, 0x0000000083800000, 0x0000000083800000|100%| O|  |TAMS 0x0000000083700000| PB 0x0000000083700000| Untracked 
|  56|0x0000000083800000, 0x0000000083900000, 0x0000000083900000|100%| O|  |TAMS 0x0000000083800000| PB 0x0000000083800000| Untracked 
|  57|0x0000000083900000, 0x0000000083a00000, 0x0000000083a00000|100%| O|  |TAMS 0x0000000083900000| PB 0x0000000083900000| Untracked 
|  58|0x0000000083a00000, 0x0000000083b00000, 0x0000000083b00000|100%| O|  |TAMS 0x0000000083a00000| PB 0x0000000083a00000| Untracked 
|  59|0x0000000083b00000, 0x0000000083c00000, 0x0000000083c00000|100%|HS|  |TAMS 0x0000000083b00000| PB 0x0000000083b00000| Complete 
|  60|0x0000000083c00000, 0x0000000083d00000, 0x0000000083d00000|100%| O|  |TAMS 0x0000000083c00000| PB 0x0000000083c00000| Untracked 
|  61|0x0000000083d00000, 0x0000000083e00000, 0x0000000083e00000|100%| O|  |TAMS 0x0000000083d00000| PB 0x0000000083d00000| Untracked 
|  62|0x0000000083e00000, 0x0000000083f00000, 0x0000000083f00000|100%| O|  |TAMS 0x0000000083e00000| PB 0x0000000083e00000| Untracked 
|  63|0x0000000083f00000, 0x0000000084000000, 0x0000000084000000|100%| O|  |TAMS 0x0000000083f00000| PB 0x0000000083f00000| Untracked 
|  64|0x0000000084000000, 0x0000000084100000, 0x0000000084100000|100%| O|  |TAMS 0x0000000084000000| PB 0x0000000084000000| Untracked 
|  65|0x0000000084100000, 0x0000000084200000, 0x0000000084200000|100%|HS|  |TAMS 0x0000000084100000| PB 0x0000000084100000| Complete 
|  66|0x0000000084200000, 0x0000000084300000, 0x0000000084300000|100%|HC|  |TAMS 0x0000000084200000| PB 0x0000000084200000| Complete 
|  67|0x0000000084300000, 0x0000000084400000, 0x0000000084400000|100%| O|  |TAMS 0x0000000084300000| PB 0x0000000084300000| Untracked 
|  68|0x0000000084400000, 0x0000000084500000, 0x0000000084500000|100%| O|  |TAMS 0x0000000084400000| PB 0x0000000084400000| Untracked 
|  69|0x0000000084500000, 0x0000000084600000, 0x0000000084600000|100%| O|  |TAMS 0x0000000084500000| PB 0x0000000084500000| Untracked 
|  70|0x0000000084600000, 0x0000000084700000, 0x0000000084700000|100%| O|  |TAMS 0x0000000084600000| PB 0x0000000084600000| Untracked 
|  71|0x0000000084700000, 0x0000000084800000, 0x0000000084800000|100%| O|  |TAMS 0x0000000084700000| PB 0x0000000084700000| Untracked 
|  72|0x0000000084800000, 0x0000000084900000, 0x0000000084900000|100%|HS|  |TAMS 0x0000000084800000| PB 0x0000000084800000| Complete 
|  73|0x0000000084900000, 0x0000000084a00000, 0x0000000084a00000|100%|HS|  |TAMS 0x0000000084900000| PB 0x0000000084900000| Complete 
|  74|0x0000000084a00000, 0x0000000084b00000, 0x0000000084b00000|100%|HS|  |TAMS 0x0000000084a00000| PB 0x0000000084a00000| Complete 
|  75|0x0000000084b00000, 0x0000000084c00000, 0x0000000084c00000|100%|HC|  |TAMS 0x0000000084b00000| PB 0x0000000084b00000| Complete 
|  76|0x0000000084c00000, 0x0000000084d00000, 0x0000000084d00000|100%|HS|  |TAMS 0x0000000084c00000| PB 0x0000000084c00000| Complete 
|  77|0x0000000084d00000, 0x0000000084e00000, 0x0000000084e00000|100%|HS|  |TAMS 0x0000000084d00000| PB 0x0000000084d00000| Complete 
|  78|0x0000000084e00000, 0x0000000084f00000, 0x0000000084f00000|100%| O|  |TAMS 0x0000000084e00000| PB 0x0000000084e00000| Untracked 
|  79|0x0000000084f00000, 0x0000000085000000, 0x0000000085000000|100%|HS|  |TAMS 0x0000000084f00000| PB 0x0000000084f00000| Complete 
|  80|0x0000000085000000, 0x0000000085100000, 0x0000000085100000|100%|HS|  |TAMS 0x0000000085000000| PB 0x0000000085000000| Complete 
|  81|0x0000000085100000, 0x0000000085200000, 0x0000000085200000|100%|HC|  |TAMS 0x0000000085100000| PB 0x0000000085100000| Complete 
|  82|0x0000000085200000, 0x0000000085300000, 0x0000000085300000|100%| O|  |TAMS 0x0000000085200000| PB 0x0000000085200000| Untracked 
|  83|0x0000000085300000, 0x0000000085400000, 0x0000000085400000|100%| O|  |TAMS 0x0000000085300000| PB 0x0000000085300000| Untracked 
|  84|0x0000000085400000, 0x0000000085500000, 0x0000000085500000|100%| O|  |TAMS 0x0000000085400000| PB 0x0000000085400000| Untracked 
|  85|0x0000000085500000, 0x0000000085600000, 0x0000000085600000|100%|HS|  |TAMS 0x0000000085500000| PB 0x0000000085500000| Complete 
|  86|0x0000000085600000, 0x0000000085700000, 0x0000000085700000|100%| O|  |TAMS 0x0000000085600000| PB 0x0000000085600000| Untracked 
|  87|0x0000000085700000, 0x0000000085800000, 0x0000000085800000|100%| O|  |TAMS 0x0000000085700000| PB 0x0000000085700000| Untracked 
|  88|0x0000000085800000, 0x0000000085900000, 0x0000000085900000|100%| O|  |TAMS 0x0000000085800000| PB 0x0000000085800000| Untracked 
|  89|0x0000000085900000, 0x0000000085a00000, 0x0000000085a00000|100%| O|  |TAMS 0x0000000085900000| PB 0x0000000085900000| Untracked 
|  90|0x0000000085a00000, 0x0000000085b00000, 0x0000000085b00000|100%| O|  |TAMS 0x0000000085a00000| PB 0x0000000085a00000| Untracked 
|  91|0x0000000085b00000, 0x0000000085c00000, 0x0000000085c00000|100%| O|  |TAMS 0x0000000085b00000| PB 0x0000000085b00000| Untracked 
|  92|0x0000000085c00000, 0x0000000085d00000, 0x0000000085d00000|100%| O|  |TAMS 0x0000000085c00000| PB 0x0000000085c00000| Untracked 
|  93|0x0000000085d00000, 0x0000000085e00000, 0x0000000085e00000|100%| O|  |TAMS 0x0000000085d00000| PB 0x0000000085d00000| Untracked 
|  94|0x0000000085e00000, 0x0000000085f00000, 0x0000000085f00000|100%| O|  |TAMS 0x0000000085e00000| PB 0x0000000085e00000| Untracked 
|  95|0x0000000085f00000, 0x0000000086000000, 0x0000000086000000|100%| O|  |TAMS 0x0000000085f00000| PB 0x0000000085f00000| Untracked 
|  96|0x0000000086000000, 0x0000000086100000, 0x0000000086100000|100%| O|  |TAMS 0x0000000086000000| PB 0x0000000086000000| Untracked 
|  97|0x0000000086100000, 0x0000000086200000, 0x0000000086200000|100%| O|  |TAMS 0x0000000086100000| PB 0x0000000086100000| Untracked 
|  98|0x0000000086200000, 0x0000000086300000, 0x0000000086300000|100%| O|  |TAMS 0x0000000086200000| PB 0x0000000086200000| Untracked 
|  99|0x0000000086300000, 0x0000000086400000, 0x0000000086400000|100%| O|  |TAMS 0x0000000086300000| PB 0x0000000086300000| Untracked 
| 100|0x0000000086400000, 0x0000000086500000, 0x0000000086500000|100%| O|  |TAMS 0x0000000086400000| PB 0x0000000086400000| Untracked 
| 101|0x0000000086500000, 0x0000000086600000, 0x0000000086600000|100%| O|  |TAMS 0x0000000086500000| PB 0x0000000086500000| Untracked 
| 102|0x0000000086600000, 0x0000000086700000, 0x0000000086700000|100%| O|  |TAMS 0x0000000086600000| PB 0x0000000086600000| Untracked 
| 103|0x0000000086700000, 0x0000000086800000, 0x0000000086800000|100%| O|  |TAMS 0x0000000086700000| PB 0x0000000086700000| Untracked 
| 104|0x0000000086800000, 0x0000000086900000, 0x0000000086900000|100%| O|  |TAMS 0x0000000086800000| PB 0x0000000086800000| Untracked 
| 105|0x0000000086900000, 0x0000000086a00000, 0x0000000086a00000|100%| O|  |TAMS 0x0000000086900000| PB 0x0000000086900000| Untracked 
| 106|0x0000000086a00000, 0x0000000086b00000, 0x0000000086b00000|100%| O|  |TAMS 0x0000000086a00000| PB 0x0000000086a00000| Untracked 
| 107|0x0000000086b00000, 0x0000000086c00000, 0x0000000086c00000|100%| O|  |TAMS 0x0000000086b00000| PB 0x0000000086b00000| Untracked 
| 108|0x0000000086c00000, 0x0000000086d00000, 0x0000000086d00000|100%| O|  |TAMS 0x0000000086c00000| PB 0x0000000086c00000| Untracked 
| 109|0x0000000086d00000, 0x0000000086e00000, 0x0000000086e00000|100%| O|  |TAMS 0x0000000086d00000| PB 0x0000000086d00000| Untracked 
| 110|0x0000000086e00000, 0x0000000086f00000, 0x0000000086f00000|100%| O|  |TAMS 0x0000000086e00000| PB 0x0000000086e00000| Untracked 
| 111|0x0000000086f00000, 0x0000000087000000, 0x0000000087000000|100%| O|  |TAMS 0x0000000086f00000| PB 0x0000000086f00000| Untracked 
| 112|0x0000000087000000, 0x0000000087100000, 0x0000000087100000|100%| O|  |TAMS 0x0000000087000000| PB 0x0000000087000000| Untracked 
| 113|0x0000000087100000, 0x0000000087200000, 0x0000000087200000|100%| O|  |TAMS 0x0000000087100000| PB 0x0000000087100000| Untracked 
| 114|0x0000000087200000, 0x0000000087300000, 0x0000000087300000|100%| O|  |TAMS 0x0000000087200000| PB 0x0000000087200000| Untracked 
| 115|0x0000000087300000, 0x0000000087400000, 0x0000000087400000|100%| O|  |TAMS 0x0000000087300000| PB 0x0000000087300000| Untracked 
| 116|0x0000000087400000, 0x0000000087500000, 0x0000000087500000|100%| O|Cm|TAMS 0x0000000087400000| PB 0x0000000087400000| Complete 
| 117|0x0000000087500000, 0x0000000087600000, 0x0000000087600000|100%| O|Cm|TAMS 0x0000000087500000| PB 0x0000000087500000| Complete 
| 118|0x0000000087600000, 0x0000000087700000, 0x0000000087700000|100%| O|  |TAMS 0x0000000087600000| PB 0x0000000087600000| Untracked 
| 119|0x0000000087700000, 0x0000000087800000, 0x0000000087800000|100%| O|  |TAMS 0x0000000087700000| PB 0x0000000087700000| Untracked 
| 120|0x0000000087800000, 0x0000000087900000, 0x0000000087900000|100%| O|  |TAMS 0x0000000087800000| PB 0x0000000087800000| Untracked 
| 121|0x0000000087900000, 0x0000000087a00000, 0x0000000087a00000|100%| O|  |TAMS 0x0000000087900000| PB 0x0000000087900000| Untracked 
| 122|0x0000000087a00000, 0x0000000087b00000, 0x0000000087b00000|100%| O|  |TAMS 0x0000000087a00000| PB 0x0000000087a00000| Untracked 
| 123|0x0000000087b00000, 0x0000000087c00000, 0x0000000087c00000|100%| O|  |TAMS 0x0000000087b00000| PB 0x0000000087b00000| Untracked 
| 124|0x0000000087c00000, 0x0000000087d00000, 0x0000000087d00000|100%| O|  |TAMS 0x0000000087c00000| PB 0x0000000087c00000| Untracked 
| 125|0x0000000087d00000, 0x0000000087e00000, 0x0000000087e00000|100%| O|  |TAMS 0x0000000087d00000| PB 0x0000000087d00000| Untracked 
| 126|0x0000000087e00000, 0x0000000087f00000, 0x0000000087f00000|100%| O|  |TAMS 0x0000000087e00000| PB 0x0000000087e00000| Untracked 
| 127|0x0000000087f00000, 0x0000000088000000, 0x0000000088000000|100%| O|  |TAMS 0x0000000087f00000| PB 0x0000000087f00000| Untracked 
| 128|0x0000000088000000, 0x0000000088100000, 0x0000000088100000|100%| O|Cm|TAMS 0x0000000088000000| PB 0x0000000088000000| Complete 
| 129|0x0000000088100000, 0x0000000088200000, 0x0000000088200000|100%| O|  |TAMS 0x0000000088100000| PB 0x0000000088100000| Untracked 
| 130|0x0000000088200000, 0x0000000088300000, 0x0000000088300000|100%| O|  |TAMS 0x0000000088200000| PB 0x0000000088200000| Untracked 
| 131|0x0000000088300000, 0x0000000088400000, 0x0000000088400000|100%| O|  |TAMS 0x0000000088300000| PB 0x0000000088300000| Untracked 
| 132|0x0000000088400000, 0x0000000088500000, 0x0000000088500000|100%| O|  |TAMS 0x0000000088400000| PB 0x0000000088400000| Untracked 
| 133|0x0000000088500000, 0x0000000088600000, 0x0000000088600000|100%| O|  |TAMS 0x0000000088500000| PB 0x0000000088500000| Untracked 
| 134|0x0000000088600000, 0x0000000088700000, 0x0000000088700000|100%| O|  |TAMS 0x0000000088600000| PB 0x0000000088600000| Untracked 
| 135|0x0000000088700000, 0x0000000088800000, 0x0000000088800000|100%| O|  |TAMS 0x0000000088700000| PB 0x0000000088700000| Untracked 
| 136|0x0000000088800000, 0x0000000088900000, 0x0000000088900000|100%| O|  |TAMS 0x0000000088800000| PB 0x0000000088800000| Untracked 
| 137|0x0000000088900000, 0x0000000088a00000, 0x0000000088a00000|100%| O|  |TAMS 0x0000000088900000| PB 0x0000000088900000| Untracked 
| 138|0x0000000088a00000, 0x0000000088b00000, 0x0000000088b00000|100%| O|  |TAMS 0x0000000088a00000| PB 0x0000000088a00000| Untracked 
| 139|0x0000000088b00000, 0x0000000088c00000, 0x0000000088c00000|100%| O|  |TAMS 0x0000000088b00000| PB 0x0000000088b00000| Untracked 
| 140|0x0000000088c00000, 0x0000000088d00000, 0x0000000088d00000|100%| O|  |TAMS 0x0000000088c00000| PB 0x0000000088c00000| Untracked 
| 141|0x0000000088d00000, 0x0000000088e00000, 0x0000000088e00000|100%| O|  |TAMS 0x0000000088d00000| PB 0x0000000088d00000| Untracked 
| 142|0x0000000088e00000, 0x0000000088f00000, 0x0000000088f00000|100%| O|  |TAMS 0x0000000088e00000| PB 0x0000000088e00000| Untracked 
| 143|0x0000000088f00000, 0x0000000089000000, 0x0000000089000000|100%| O|  |TAMS 0x0000000088f00000| PB 0x0000000088f00000| Untracked 
| 144|0x0000000089000000, 0x0000000089100000, 0x0000000089100000|100%| O|  |TAMS 0x0000000089000000| PB 0x0000000089000000| Untracked 
| 145|0x0000000089100000, 0x0000000089200000, 0x0000000089200000|100%| O|  |TAMS 0x0000000089100000| PB 0x0000000089100000| Untracked 
| 146|0x0000000089200000, 0x0000000089300000, 0x0000000089300000|100%| O|  |TAMS 0x0000000089200000| PB 0x0000000089200000| Untracked 
| 147|0x0000000089300000, 0x0000000089400000, 0x0000000089400000|100%| O|  |TAMS 0x0000000089300000| PB 0x0000000089300000| Untracked 
| 148|0x0000000089400000, 0x0000000089500000, 0x0000000089500000|100%| O|  |TAMS 0x0000000089400000| PB 0x0000000089400000| Untracked 
| 149|0x0000000089500000, 0x0000000089600000, 0x0000000089600000|100%| O|  |TAMS 0x0000000089500000| PB 0x0000000089500000| Untracked 
| 150|0x0000000089600000, 0x0000000089700000, 0x0000000089700000|100%| O|  |TAMS 0x0000000089600000| PB 0x0000000089600000| Untracked 
| 151|0x0000000089700000, 0x0000000089800000, 0x0000000089800000|100%| O|  |TAMS 0x0000000089700000| PB 0x0000000089700000| Untracked 
| 152|0x0000000089800000, 0x0000000089900000, 0x0000000089900000|100%| O|  |TAMS 0x0000000089800000| PB 0x0000000089800000| Untracked 
| 153|0x0000000089900000, 0x0000000089a00000, 0x0000000089a00000|100%| O|  |TAMS 0x0000000089900000| PB 0x0000000089900000| Untracked 
| 154|0x0000000089a00000, 0x0000000089b00000, 0x0000000089b00000|100%| O|  |TAMS 0x0000000089a00000| PB 0x0000000089a00000| Untracked 
| 155|0x0000000089b00000, 0x0000000089c00000, 0x0000000089c00000|100%| O|  |TAMS 0x0000000089b00000| PB 0x0000000089b00000| Untracked 
| 156|0x0000000089c00000, 0x0000000089d00000, 0x0000000089d00000|100%| O|  |TAMS 0x0000000089c00000| PB 0x0000000089c00000| Untracked 
| 157|0x0000000089d00000, 0x0000000089e00000, 0x0000000089e00000|100%| O|  |TAMS 0x0000000089d00000| PB 0x0000000089d00000| Untracked 
| 158|0x0000000089e00000, 0x0000000089f00000, 0x0000000089f00000|100%| O|  |TAMS 0x0000000089e00000| PB 0x0000000089e00000| Untracked 
| 159|0x0000000089f00000, 0x000000008a000000, 0x000000008a000000|100%| O|  |TAMS 0x0000000089f00000| PB 0x0000000089f00000| Untracked 
| 160|0x000000008a000000, 0x000000008a100000, 0x000000008a100000|100%| O|  |TAMS 0x000000008a000000| PB 0x000000008a000000| Untracked 
| 161|0x000000008a100000, 0x000000008a200000, 0x000000008a200000|100%| O|  |TAMS 0x000000008a100000| PB 0x000000008a100000| Untracked 
| 162|0x000000008a200000, 0x000000008a300000, 0x000000008a300000|100%| O|  |TAMS 0x000000008a200000| PB 0x000000008a200000| Untracked 
| 163|0x000000008a300000, 0x000000008a400000, 0x000000008a400000|100%| O|  |TAMS 0x000000008a300000| PB 0x000000008a300000| Untracked 
| 164|0x000000008a400000, 0x000000008a500000, 0x000000008a500000|100%| O|  |TAMS 0x000000008a400000| PB 0x000000008a400000| Untracked 
| 165|0x000000008a500000, 0x000000008a600000, 0x000000008a600000|100%| O|  |TAMS 0x000000008a500000| PB 0x000000008a500000| Untracked 
| 166|0x000000008a600000, 0x000000008a700000, 0x000000008a700000|100%| O|Cm|TAMS 0x000000008a600000| PB 0x000000008a600000| Complete 
| 167|0x000000008a700000, 0x000000008a800000, 0x000000008a800000|100%| O|Cm|TAMS 0x000000008a700000| PB 0x000000008a700000| Complete 
| 168|0x000000008a800000, 0x000000008a900000, 0x000000008a900000|100%| O|  |TAMS 0x000000008a800000| PB 0x000000008a800000| Untracked 
| 169|0x000000008a900000, 0x000000008aa00000, 0x000000008aa00000|100%| O|  |TAMS 0x000000008a900000| PB 0x000000008a900000| Untracked 
| 170|0x000000008aa00000, 0x000000008aa00000, 0x000000008ab00000|  0%| F|  |TAMS 0x000000008aa00000| PB 0x000000008aa00000| Untracked 
| 171|0x000000008ab00000, 0x000000008ab00000, 0x000000008ac00000|  0%| F|  |TAMS 0x000000008ab00000| PB 0x000000008ab00000| Untracked 
| 172|0x000000008ac00000, 0x000000008ac00000, 0x000000008ad00000|  0%| F|  |TAMS 0x000000008ac00000| PB 0x000000008ac00000| Untracked 
| 173|0x000000008ad00000, 0x000000008ad00000, 0x000000008ae00000|  0%| F|  |TAMS 0x000000008ad00000| PB 0x000000008ad00000| Untracked 
| 174|0x000000008ae00000, 0x000000008ae00000, 0x000000008af00000|  0%| F|  |TAMS 0x000000008ae00000| PB 0x000000008ae00000| Untracked 
| 175|0x000000008af00000, 0x000000008af00000, 0x000000008b000000|  0%| F|  |TAMS 0x000000008af00000| PB 0x000000008af00000| Untracked 
| 176|0x000000008b000000, 0x000000008b000000, 0x000000008b100000|  0%| F|  |TAMS 0x000000008b000000| PB 0x000000008b000000| Untracked 
| 177|0x000000008b100000, 0x000000008b200000, 0x000000008b200000|100%|HS|  |TAMS 0x000000008b100000| PB 0x000000008b100000| Complete 
| 178|0x000000008b200000, 0x000000008b300000, 0x000000008b300000|100%|HC|  |TAMS 0x000000008b200000| PB 0x000000008b200000| Complete 
| 179|0x000000008b300000, 0x000000008b300000, 0x000000008b400000|  0%| F|  |TAMS 0x000000008b300000| PB 0x000000008b300000| Untracked 
| 180|0x000000008b400000, 0x000000008b400000, 0x000000008b500000|  0%| F|  |TAMS 0x000000008b400000| PB 0x000000008b400000| Untracked 
| 181|0x000000008b500000, 0x000000008b500000, 0x000000008b600000|  0%| F|  |TAMS 0x000000008b500000| PB 0x000000008b500000| Untracked 
| 182|0x000000008b600000, 0x000000008b600000, 0x000000008b700000|  0%| F|  |TAMS 0x000000008b600000| PB 0x000000008b600000| Untracked 
| 183|0x000000008b700000, 0x000000008b800000, 0x000000008b800000|100%| O|  |TAMS 0x000000008b700000| PB 0x000000008b700000| Untracked 
| 184|0x000000008b800000, 0x000000008b800000, 0x000000008b900000|  0%| F|  |TAMS 0x000000008b800000| PB 0x000000008b800000| Untracked 
| 185|0x000000008b900000, 0x000000008b900000, 0x000000008ba00000|  0%| F|  |TAMS 0x000000008b900000| PB 0x000000008b900000| Untracked 
| 186|0x000000008ba00000, 0x000000008ba00000, 0x000000008bb00000|  0%| F|  |TAMS 0x000000008ba00000| PB 0x000000008ba00000| Untracked 
| 187|0x000000008bb00000, 0x000000008bb00000, 0x000000008bc00000|  0%| F|  |TAMS 0x000000008bb00000| PB 0x000000008bb00000| Untracked 
| 188|0x000000008bc00000, 0x000000008bc00000, 0x000000008bd00000|  0%| F|  |TAMS 0x000000008bc00000| PB 0x000000008bc00000| Untracked 
| 189|0x000000008bd00000, 0x000000008bd00000, 0x000000008be00000|  0%| F|  |TAMS 0x000000008bd00000| PB 0x000000008bd00000| Untracked 
| 190|0x000000008be00000, 0x000000008be00000, 0x000000008bf00000|  0%| F|  |TAMS 0x000000008be00000| PB 0x000000008be00000| Untracked 
| 191|0x000000008bf00000, 0x000000008bf00000, 0x000000008c000000|  0%| F|  |TAMS 0x000000008bf00000| PB 0x000000008bf00000| Untracked 
| 192|0x000000008c000000, 0x000000008c000000, 0x000000008c100000|  0%| F|  |TAMS 0x000000008c000000| PB 0x000000008c000000| Untracked 
| 193|0x000000008c100000, 0x000000008c100000, 0x000000008c200000|  0%| F|  |TAMS 0x000000008c100000| PB 0x000000008c100000| Untracked 
| 194|0x000000008c200000, 0x000000008c200000, 0x000000008c300000|  0%| F|  |TAMS 0x000000008c200000| PB 0x000000008c200000| Untracked 
| 195|0x000000008c300000, 0x000000008c300000, 0x000000008c400000|  0%| F|  |TAMS 0x000000008c300000| PB 0x000000008c300000| Untracked 
| 196|0x000000008c400000, 0x000000008c400000, 0x000000008c500000|  0%| F|  |TAMS 0x000000008c400000| PB 0x000000008c400000| Untracked 
| 197|0x000000008c500000, 0x000000008c500000, 0x000000008c600000|  0%| F|  |TAMS 0x000000008c500000| PB 0x000000008c500000| Untracked 
| 198|0x000000008c600000, 0x000000008c600000, 0x000000008c700000|  0%| F|  |TAMS 0x000000008c600000| PB 0x000000008c600000| Untracked 
| 199|0x000000008c700000, 0x000000008c700000, 0x000000008c800000|  0%| F|  |TAMS 0x000000008c700000| PB 0x000000008c700000| Untracked 
| 200|0x000000008c800000, 0x000000008c800000, 0x000000008c900000|  0%| F|  |TAMS 0x000000008c800000| PB 0x000000008c800000| Untracked 
| 201|0x000000008c900000, 0x000000008c900000, 0x000000008ca00000|  0%| F|  |TAMS 0x000000008c900000| PB 0x000000008c900000| Untracked 
| 202|0x000000008ca00000, 0x000000008cb00000, 0x000000008cb00000|100%| O|  |TAMS 0x000000008ca00000| PB 0x000000008ca00000| Untracked 
| 203|0x000000008cb00000, 0x000000008cc00000, 0x000000008cc00000|100%| O|  |TAMS 0x000000008cb00000| PB 0x000000008cb00000| Untracked 
| 204|0x000000008cc00000, 0x000000008cd00000, 0x000000008cd00000|100%| O|  |TAMS 0x000000008cc00000| PB 0x000000008cc00000| Untracked 
| 205|0x000000008cd00000, 0x000000008ce00000, 0x000000008ce00000|100%| O|  |TAMS 0x000000008cd00000| PB 0x000000008cd00000| Untracked 
| 206|0x000000008ce00000, 0x000000008cf00000, 0x000000008cf00000|100%| O|  |TAMS 0x000000008ce00000| PB 0x000000008ce00000| Untracked 
| 207|0x000000008cf00000, 0x000000008d000000, 0x000000008d000000|100%| O|  |TAMS 0x000000008cf00000| PB 0x000000008cf00000| Untracked 
| 208|0x000000008d000000, 0x000000008d100000, 0x000000008d100000|100%| O|  |TAMS 0x000000008d000000| PB 0x000000008d000000| Untracked 
| 209|0x000000008d100000, 0x000000008d200000, 0x000000008d200000|100%| O|  |TAMS 0x000000008d100000| PB 0x000000008d100000| Untracked 
| 210|0x000000008d200000, 0x000000008d300000, 0x000000008d300000|100%| O|  |TAMS 0x000000008d200000| PB 0x000000008d200000| Untracked 
| 211|0x000000008d300000, 0x000000008d400000, 0x000000008d400000|100%| O|  |TAMS 0x000000008d300000| PB 0x000000008d300000| Untracked 
| 212|0x000000008d400000, 0x000000008d500000, 0x000000008d500000|100%| O|  |TAMS 0x000000008d400000| PB 0x000000008d400000| Untracked 
| 213|0x000000008d500000, 0x000000008d600000, 0x000000008d600000|100%| O|  |TAMS 0x000000008d500000| PB 0x000000008d500000| Untracked 
| 214|0x000000008d600000, 0x000000008d700000, 0x000000008d700000|100%| O|  |TAMS 0x000000008d600000| PB 0x000000008d600000| Untracked 
| 215|0x000000008d700000, 0x000000008d800000, 0x000000008d800000|100%| O|  |TAMS 0x000000008d700000| PB 0x000000008d700000| Untracked 
| 216|0x000000008d800000, 0x000000008d900000, 0x000000008d900000|100%| O|  |TAMS 0x000000008d800000| PB 0x000000008d800000| Untracked 
| 217|0x000000008d900000, 0x000000008da00000, 0x000000008da00000|100%| O|  |TAMS 0x000000008d900000| PB 0x000000008d900000| Untracked 
| 218|0x000000008da00000, 0x000000008db00000, 0x000000008db00000|100%| O|  |TAMS 0x000000008da00000| PB 0x000000008da00000| Untracked 
| 219|0x000000008db00000, 0x000000008dc00000, 0x000000008dc00000|100%| O|  |TAMS 0x000000008db00000| PB 0x000000008db00000| Untracked 
| 220|0x000000008dc00000, 0x000000008dd00000, 0x000000008dd00000|100%| O|  |TAMS 0x000000008dc00000| PB 0x000000008dc00000| Untracked 
| 221|0x000000008dd00000, 0x000000008de00000, 0x000000008de00000|100%| O|  |TAMS 0x000000008dd00000| PB 0x000000008dd00000| Untracked 
| 222|0x000000008de00000, 0x000000008df00000, 0x000000008df00000|100%| O|  |TAMS 0x000000008de00000| PB 0x000000008de00000| Untracked 
| 223|0x000000008df00000, 0x000000008e000000, 0x000000008e000000|100%| O|  |TAMS 0x000000008df00000| PB 0x000000008df00000| Untracked 
| 224|0x000000008e000000, 0x000000008e100000, 0x000000008e100000|100%| O|  |TAMS 0x000000008e000000| PB 0x000000008e000000| Untracked 
| 225|0x000000008e100000, 0x000000008e200000, 0x000000008e200000|100%| O|  |TAMS 0x000000008e100000| PB 0x000000008e100000| Untracked 
| 226|0x000000008e200000, 0x000000008e300000, 0x000000008e300000|100%| O|  |TAMS 0x000000008e200000| PB 0x000000008e200000| Untracked 
| 227|0x000000008e300000, 0x000000008e3c4ea0, 0x000000008e400000| 76%| O|  |TAMS 0x000000008e300000| PB 0x000000008e300000| Untracked 
| 228|0x000000008e400000, 0x000000008e400000, 0x000000008e500000|  0%| F|  |TAMS 0x000000008e400000| PB 0x000000008e400000| Untracked 
| 229|0x000000008e500000, 0x000000008e500000, 0x000000008e600000|  0%| F|  |TAMS 0x000000008e500000| PB 0x000000008e500000| Untracked 
| 230|0x000000008e600000, 0x000000008e600000, 0x000000008e700000|  0%| F|  |TAMS 0x000000008e600000| PB 0x000000008e600000| Untracked 
| 231|0x000000008e700000, 0x000000008e700000, 0x000000008e800000|  0%| F|  |TAMS 0x000000008e700000| PB 0x000000008e700000| Untracked 
| 232|0x000000008e800000, 0x000000008e800000, 0x000000008e900000|  0%| F|  |TAMS 0x000000008e800000| PB 0x000000008e800000| Untracked 
| 233|0x000000008e900000, 0x000000008e900000, 0x000000008ea00000|  0%| F|  |TAMS 0x000000008e900000| PB 0x000000008e900000| Untracked 
| 234|0x000000008ea00000, 0x000000008ea00000, 0x000000008eb00000|  0%| F|  |TAMS 0x000000008ea00000| PB 0x000000008ea00000| Untracked 
| 235|0x000000008eb00000, 0x000000008eb00000, 0x000000008ec00000|  0%| F|  |TAMS 0x000000008eb00000| PB 0x000000008eb00000| Untracked 
| 236|0x000000008ec00000, 0x000000008ec00000, 0x000000008ed00000|  0%| F|  |TAMS 0x000000008ec00000| PB 0x000000008ec00000| Untracked 
| 237|0x000000008ed00000, 0x000000008ed00000, 0x000000008ee00000|  0%| F|  |TAMS 0x000000008ed00000| PB 0x000000008ed00000| Untracked 
| 238|0x000000008ee00000, 0x000000008ee00000, 0x000000008ef00000|  0%| F|  |TAMS 0x000000008ee00000| PB 0x000000008ee00000| Untracked 
| 239|0x000000008ef00000, 0x000000008ef00000, 0x000000008f000000|  0%| F|  |TAMS 0x000000008ef00000| PB 0x000000008ef00000| Untracked 
| 240|0x000000008f000000, 0x000000008f000000, 0x000000008f100000|  0%| F|  |TAMS 0x000000008f000000| PB 0x000000008f000000| Untracked 
| 241|0x000000008f100000, 0x000000008f100000, 0x000000008f200000|  0%| F|  |TAMS 0x000000008f100000| PB 0x000000008f100000| Untracked 
| 242|0x000000008f200000, 0x000000008f200000, 0x000000008f300000|  0%| F|  |TAMS 0x000000008f200000| PB 0x000000008f200000| Untracked 
| 243|0x000000008f300000, 0x000000008f300000, 0x000000008f400000|  0%| F|  |TAMS 0x000000008f300000| PB 0x000000008f300000| Untracked 
| 244|0x000000008f400000, 0x000000008f400000, 0x000000008f500000|  0%| F|  |TAMS 0x000000008f400000| PB 0x000000008f400000| Untracked 
| 245|0x000000008f500000, 0x000000008f600000, 0x000000008f600000|100%| S|CS|TAMS 0x000000008f500000| PB 0x000000008f500000| Complete 
| 246|0x000000008f600000, 0x000000008f700000, 0x000000008f700000|100%| S|CS|TAMS 0x000000008f600000| PB 0x000000008f600000| Complete 
| 247|0x000000008f700000, 0x000000008f800000, 0x000000008f800000|100%| S|CS|TAMS 0x000000008f700000| PB 0x000000008f700000| Complete 
| 248|0x000000008f800000, 0x000000008f900000, 0x000000008f900000|100%| S|CS|TAMS 0x000000008f800000| PB 0x000000008f800000| Complete 
| 249|0x000000008f900000, 0x000000008fa00000, 0x000000008fa00000|100%| S|CS|TAMS 0x000000008f900000| PB 0x000000008f900000| Complete 
| 250|0x000000008fa00000, 0x000000008fb00000, 0x000000008fb00000|100%| S|CS|TAMS 0x000000008fa00000| PB 0x000000008fa00000| Complete 
| 251|0x000000008fb00000, 0x000000008fc00000, 0x000000008fc00000|100%| S|CS|TAMS 0x000000008fb00000| PB 0x000000008fb00000| Complete 
| 252|0x000000008fc00000, 0x000000008fd00000, 0x000000008fd00000|100%| S|CS|TAMS 0x000000008fc00000| PB 0x000000008fc00000| Complete 
| 253|0x000000008fd00000, 0x000000008fe00000, 0x000000008fe00000|100%| S|CS|TAMS 0x000000008fd00000| PB 0x000000008fd00000| Complete 
| 254|0x000000008fe00000, 0x000000008ff00000, 0x000000008ff00000|100%| S|CS|TAMS 0x000000008fe00000| PB 0x000000008fe00000| Complete 
| 255|0x000000008ff00000, 0x0000000090000000, 0x0000000090000000|100%| S|CS|TAMS 0x000000008ff00000| PB 0x000000008ff00000| Complete 
| 256|0x0000000090000000, 0x0000000090100000, 0x0000000090100000|100%| S|CS|TAMS 0x0000000090000000| PB 0x0000000090000000| Complete 
| 257|0x0000000090100000, 0x0000000090100000, 0x0000000090200000|  0%| F|  |TAMS 0x0000000090100000| PB 0x0000000090100000| Untracked 
| 258|0x0000000090200000, 0x0000000090200000, 0x0000000090300000|  0%| F|  |TAMS 0x0000000090200000| PB 0x0000000090200000| Untracked 
| 259|0x0000000090300000, 0x0000000090300000, 0x0000000090400000|  0%| F|  |TAMS 0x0000000090300000| PB 0x0000000090300000| Untracked 
| 260|0x0000000090400000, 0x0000000090400000, 0x0000000090500000|  0%| F|  |TAMS 0x0000000090400000| PB 0x0000000090400000| Untracked 
| 261|0x0000000090500000, 0x0000000090500000, 0x0000000090600000|  0%| F|  |TAMS 0x0000000090500000| PB 0x0000000090500000| Untracked 
| 262|0x0000000090600000, 0x0000000090600000, 0x0000000090700000|  0%| F|  |TAMS 0x0000000090600000| PB 0x0000000090600000| Untracked 
| 263|0x0000000090700000, 0x0000000090700000, 0x0000000090800000|  0%| F|  |TAMS 0x0000000090700000| PB 0x0000000090700000| Untracked 
| 264|0x0000000090800000, 0x0000000090800000, 0x0000000090900000|  0%| F|  |TAMS 0x0000000090800000| PB 0x0000000090800000| Untracked 
| 265|0x0000000090900000, 0x0000000090900000, 0x0000000090a00000|  0%| F|  |TAMS 0x0000000090900000| PB 0x0000000090900000| Untracked 
| 266|0x0000000090a00000, 0x0000000090a00000, 0x0000000090b00000|  0%| F|  |TAMS 0x0000000090a00000| PB 0x0000000090a00000| Untracked 
| 267|0x0000000090b00000, 0x0000000090b00000, 0x0000000090c00000|  0%| F|  |TAMS 0x0000000090b00000| PB 0x0000000090b00000| Untracked 
| 268|0x0000000090c00000, 0x0000000090c00000, 0x0000000090d00000|  0%| F|  |TAMS 0x0000000090c00000| PB 0x0000000090c00000| Untracked 
| 269|0x0000000090d00000, 0x0000000090d00000, 0x0000000090e00000|  0%| F|  |TAMS 0x0000000090d00000| PB 0x0000000090d00000| Untracked 
| 270|0x0000000090e00000, 0x0000000090e00000, 0x0000000090f00000|  0%| F|  |TAMS 0x0000000090e00000| PB 0x0000000090e00000| Untracked 
| 271|0x0000000090f00000, 0x0000000090f00000, 0x0000000091000000|  0%| F|  |TAMS 0x0000000090f00000| PB 0x0000000090f00000| Untracked 
| 272|0x0000000091000000, 0x0000000091000000, 0x0000000091100000|  0%| F|  |TAMS 0x0000000091000000| PB 0x0000000091000000| Untracked 
| 273|0x0000000091100000, 0x0000000091100000, 0x0000000091200000|  0%| F|  |TAMS 0x0000000091100000| PB 0x0000000091100000| Untracked 
| 274|0x0000000091200000, 0x0000000091200000, 0x0000000091300000|  0%| F|  |TAMS 0x0000000091200000| PB 0x0000000091200000| Untracked 
| 275|0x0000000091300000, 0x0000000091300000, 0x0000000091400000|  0%| F|  |TAMS 0x0000000091300000| PB 0x0000000091300000| Untracked 
| 276|0x0000000091400000, 0x0000000091400000, 0x0000000091500000|  0%| F|  |TAMS 0x0000000091400000| PB 0x0000000091400000| Untracked 
| 277|0x0000000091500000, 0x0000000091500000, 0x0000000091600000|  0%| F|  |TAMS 0x0000000091500000| PB 0x0000000091500000| Untracked 
| 278|0x0000000091600000, 0x0000000091600000, 0x0000000091700000|  0%| F|  |TAMS 0x0000000091600000| PB 0x0000000091600000| Untracked 
| 279|0x0000000091700000, 0x0000000091700000, 0x0000000091800000|  0%| F|  |TAMS 0x0000000091700000| PB 0x0000000091700000| Untracked 
| 280|0x0000000091800000, 0x0000000091800000, 0x0000000091900000|  0%| F|  |TAMS 0x0000000091800000| PB 0x0000000091800000| Untracked 
| 281|0x0000000091900000, 0x0000000091900000, 0x0000000091a00000|  0%| F|  |TAMS 0x0000000091900000| PB 0x0000000091900000| Untracked 
| 282|0x0000000091a00000, 0x0000000091a00000, 0x0000000091b00000|  0%| F|  |TAMS 0x0000000091a00000| PB 0x0000000091a00000| Untracked 
| 283|0x0000000091b00000, 0x0000000091b00000, 0x0000000091c00000|  0%| F|  |TAMS 0x0000000091b00000| PB 0x0000000091b00000| Untracked 
| 284|0x0000000091c00000, 0x0000000091c00000, 0x0000000091d00000|  0%| F|  |TAMS 0x0000000091c00000| PB 0x0000000091c00000| Untracked 
| 285|0x0000000091d00000, 0x0000000091d00000, 0x0000000091e00000|  0%| F|  |TAMS 0x0000000091d00000| PB 0x0000000091d00000| Untracked 
| 286|0x0000000091e00000, 0x0000000091e00000, 0x0000000091f00000|  0%| F|  |TAMS 0x0000000091e00000| PB 0x0000000091e00000| Untracked 
| 287|0x0000000091f00000, 0x0000000091f00000, 0x0000000092000000|  0%| F|  |TAMS 0x0000000091f00000| PB 0x0000000091f00000| Untracked 
| 288|0x0000000092000000, 0x0000000092000000, 0x0000000092100000|  0%| F|  |TAMS 0x0000000092000000| PB 0x0000000092000000| Untracked 
| 289|0x0000000092100000, 0x0000000092100000, 0x0000000092200000|  0%| F|  |TAMS 0x0000000092100000| PB 0x0000000092100000| Untracked 
| 290|0x0000000092200000, 0x0000000092200000, 0x0000000092300000|  0%| F|  |TAMS 0x0000000092200000| PB 0x0000000092200000| Untracked 
| 291|0x0000000092300000, 0x0000000092300000, 0x0000000092400000|  0%| F|  |TAMS 0x0000000092300000| PB 0x0000000092300000| Untracked 
| 292|0x0000000092400000, 0x0000000092400000, 0x0000000092500000|  0%| F|  |TAMS 0x0000000092400000| PB 0x0000000092400000| Untracked 
| 293|0x0000000092500000, 0x0000000092600000, 0x0000000092600000|100%| E|  |TAMS 0x0000000092500000| PB 0x0000000092500000| Complete 
| 294|0x0000000092600000, 0x0000000092700000, 0x0000000092700000|100%| E|CS|TAMS 0x0000000092600000| PB 0x0000000092600000| Complete 
| 295|0x0000000092700000, 0x0000000092800000, 0x0000000092800000|100%| E|CS|TAMS 0x0000000092700000| PB 0x0000000092700000| Complete 
| 296|0x0000000092800000, 0x0000000092900000, 0x0000000092900000|100%| E|CS|TAMS 0x0000000092800000| PB 0x0000000092800000| Complete 
| 297|0x0000000092900000, 0x0000000092a00000, 0x0000000092a00000|100%| E|CS|TAMS 0x0000000092900000| PB 0x0000000092900000| Complete 
| 298|0x0000000092a00000, 0x0000000092b00000, 0x0000000092b00000|100%| E|CS|TAMS 0x0000000092a00000| PB 0x0000000092a00000| Complete 
| 299|0x0000000092b00000, 0x0000000092c00000, 0x0000000092c00000|100%| E|CS|TAMS 0x0000000092b00000| PB 0x0000000092b00000| Complete 
| 300|0x0000000092c00000, 0x0000000092d00000, 0x0000000092d00000|100%| E|CS|TAMS 0x0000000092c00000| PB 0x0000000092c00000| Complete 
| 301|0x0000000092d00000, 0x0000000092e00000, 0x0000000092e00000|100%| E|CS|TAMS 0x0000000092d00000| PB 0x0000000092d00000| Complete 
| 302|0x0000000092e00000, 0x0000000092f00000, 0x0000000092f00000|100%| E|CS|TAMS 0x0000000092e00000| PB 0x0000000092e00000| Complete 
| 303|0x0000000092f00000, 0x0000000093000000, 0x0000000093000000|100%| E|CS|TAMS 0x0000000092f00000| PB 0x0000000092f00000| Complete 
| 304|0x0000000093000000, 0x0000000093100000, 0x0000000093100000|100%| E|CS|TAMS 0x0000000093000000| PB 0x0000000093000000| Complete 
| 305|0x0000000093100000, 0x0000000093200000, 0x0000000093200000|100%| E|CS|TAMS 0x0000000093100000| PB 0x0000000093100000| Complete 
| 306|0x0000000093200000, 0x0000000093300000, 0x0000000093300000|100%| E|CS|TAMS 0x0000000093200000| PB 0x0000000093200000| Complete 
| 307|0x0000000093300000, 0x0000000093400000, 0x0000000093400000|100%| E|CS|TAMS 0x0000000093300000| PB 0x0000000093300000| Complete 
| 308|0x0000000093400000, 0x0000000093500000, 0x0000000093500000|100%| E|CS|TAMS 0x0000000093400000| PB 0x0000000093400000| Complete 
| 309|0x0000000093500000, 0x0000000093600000, 0x0000000093600000|100%| E|CS|TAMS 0x0000000093500000| PB 0x0000000093500000| Complete 
| 310|0x0000000093600000, 0x0000000093700000, 0x0000000093700000|100%| E|CS|TAMS 0x0000000093600000| PB 0x0000000093600000| Complete 
| 311|0x0000000093700000, 0x0000000093800000, 0x0000000093800000|100%| E|CS|TAMS 0x0000000093700000| PB 0x0000000093700000| Complete 
| 312|0x0000000093800000, 0x0000000093900000, 0x0000000093900000|100%| E|CS|TAMS 0x0000000093800000| PB 0x0000000093800000| Complete 
| 313|0x0000000093900000, 0x0000000093a00000, 0x0000000093a00000|100%| E|CS|TAMS 0x0000000093900000| PB 0x0000000093900000| Complete 
| 314|0x0000000093a00000, 0x0000000093b00000, 0x0000000093b00000|100%| E|CS|TAMS 0x0000000093a00000| PB 0x0000000093a00000| Complete 
| 315|0x0000000093b00000, 0x0000000093c00000, 0x0000000093c00000|100%| E|CS|TAMS 0x0000000093b00000| PB 0x0000000093b00000| Complete 
| 316|0x0000000093c00000, 0x0000000093d00000, 0x0000000093d00000|100%| E|CS|TAMS 0x0000000093c00000| PB 0x0000000093c00000| Complete 
| 317|0x0000000093d00000, 0x0000000093e00000, 0x0000000093e00000|100%| E|CS|TAMS 0x0000000093d00000| PB 0x0000000093d00000| Complete 
| 318|0x0000000093e00000, 0x0000000093f00000, 0x0000000093f00000|100%| E|CS|TAMS 0x0000000093e00000| PB 0x0000000093e00000| Complete 
| 319|0x0000000093f00000, 0x0000000094000000, 0x0000000094000000|100%| E|CS|TAMS 0x0000000093f00000| PB 0x0000000093f00000| Complete 
| 320|0x0000000094000000, 0x0000000094100000, 0x0000000094100000|100%| E|CS|TAMS 0x0000000094000000| PB 0x0000000094000000| Complete 
| 321|0x0000000094100000, 0x0000000094200000, 0x0000000094200000|100%| E|CS|TAMS 0x0000000094100000| PB 0x0000000094100000| Complete 
| 322|0x0000000094200000, 0x0000000094300000, 0x0000000094300000|100%| E|CS|TAMS 0x0000000094200000| PB 0x0000000094200000| Complete 
| 323|0x0000000094300000, 0x0000000094400000, 0x0000000094400000|100%| E|CS|TAMS 0x0000000094300000| PB 0x0000000094300000| Complete 
| 324|0x0000000094400000, 0x0000000094500000, 0x0000000094500000|100%| E|CS|TAMS 0x0000000094400000| PB 0x0000000094400000| Complete 
| 325|0x0000000094500000, 0x0000000094600000, 0x0000000094600000|100%| E|CS|TAMS 0x0000000094500000| PB 0x0000000094500000| Complete 
| 326|0x0000000094600000, 0x0000000094700000, 0x0000000094700000|100%| E|CS|TAMS 0x0000000094600000| PB 0x0000000094600000| Complete 
| 327|0x0000000094700000, 0x0000000094800000, 0x0000000094800000|100%| E|CS|TAMS 0x0000000094700000| PB 0x0000000094700000| Complete 
| 328|0x0000000094800000, 0x0000000094900000, 0x0000000094900000|100%| E|CS|TAMS 0x0000000094800000| PB 0x0000000094800000| Complete 
| 329|0x0000000094900000, 0x0000000094a00000, 0x0000000094a00000|100%| E|CS|TAMS 0x0000000094900000| PB 0x0000000094900000| Complete 
| 330|0x0000000094a00000, 0x0000000094b00000, 0x0000000094b00000|100%| E|CS|TAMS 0x0000000094a00000| PB 0x0000000094a00000| Complete 
| 331|0x0000000094b00000, 0x0000000094c00000, 0x0000000094c00000|100%| E|CS|TAMS 0x0000000094b00000| PB 0x0000000094b00000| Complete 
| 332|0x0000000094c00000, 0x0000000094d00000, 0x0000000094d00000|100%| E|CS|TAMS 0x0000000094c00000| PB 0x0000000094c00000| Complete 
|2031|0x00000000fef00000, 0x00000000ff000000, 0x00000000ff000000|100%| O|  |TAMS 0x00000000fef00000| PB 0x00000000fef00000| Untracked 
|2032|0x00000000ff000000, 0x00000000ff100000, 0x00000000ff100000|100%| O|Cm|TAMS 0x00000000ff000000| PB 0x00000000ff000000| Complete 
|2033|0x00000000ff100000, 0x00000000ff200000, 0x00000000ff200000|100%| O|Cm|TAMS 0x00000000ff100000| PB 0x00000000ff100000| Complete 
|2034|0x00000000ff200000, 0x00000000ff300000, 0x00000000ff300000|100%| O|  |TAMS 0x00000000ff200000| PB 0x00000000ff200000| Untracked 
|2035|0x00000000ff300000, 0x00000000ff400000, 0x00000000ff400000|100%| O|  |TAMS 0x00000000ff300000| PB 0x00000000ff300000| Untracked 
|2036|0x00000000ff400000, 0x00000000ff500000, 0x00000000ff500000|100%| O|  |TAMS 0x00000000ff400000| PB 0x00000000ff400000| Untracked 
|2037|0x00000000ff500000, 0x00000000ff600000, 0x00000000ff600000|100%| O|  |TAMS 0x00000000ff500000| PB 0x00000000ff500000| Untracked 
|2038|0x00000000ff600000, 0x00000000ff700000, 0x00000000ff700000|100%| O|  |TAMS 0x00000000ff600000| PB 0x00000000ff600000| Untracked 
|2039|0x00000000ff700000, 0x00000000ff800000, 0x00000000ff800000|100%| E|CS|TAMS 0x00000000ff700000| PB 0x00000000ff700000| Complete 
|2040|0x00000000ff800000, 0x00000000ff900000, 0x00000000ff900000|100%| O|  |TAMS 0x00000000ff800000| PB 0x00000000ff800000| Untracked 
|2041|0x00000000ff900000, 0x00000000ffa00000, 0x00000000ffa00000|100%| O|  |TAMS 0x00000000ff900000| PB 0x00000000ff900000| Untracked 
|2042|0x00000000ffa00000, 0x00000000ffb00000, 0x00000000ffb00000|100%| O|  |TAMS 0x00000000ffa00000| PB 0x00000000ffa00000| Untracked 
|2043|0x00000000ffb00000, 0x00000000ffc00000, 0x00000000ffc00000|100%| O|  |TAMS 0x00000000ffb00000| PB 0x00000000ffb00000| Untracked 
|2044|0x00000000ffc00000, 0x00000000ffd00000, 0x00000000ffd00000|100%| O|  |TAMS 0x00000000ffc00000| PB 0x00000000ffc00000| Untracked 
|2045|0x00000000ffd00000, 0x00000000ffe00000, 0x00000000ffe00000|100%| O|  |TAMS 0x00000000ffd00000| PB 0x00000000ffd00000| Untracked 
|2046|0x00000000ffe00000, 0x00000000fff00000, 0x00000000fff00000|100%| O|  |TAMS 0x00000000ffe00000| PB 0x00000000ffe00000| Untracked 
|2047|0x00000000fff00000, 0x0000000100000000, 0x0000000100000000|100%| O|  |TAMS 0x00000000fff00000| PB 0x00000000fff00000| Untracked 

Card table byte_map: [0x00000184dac90000,0x00000184db090000] _byte_map_base: 0x00000184da890000

Marking Bits: (CMBitMap*) 0x00000184c8229030
 Bits: [0x00000184db090000, 0x00000184dd090000)

Polling page: 0x00000184c79a0000

Metaspace:

Usage:
  Non-class:    123.77 MB used.
      Class:     19.75 MB used.
       Both:    143.52 MB used.

Virtual space:
  Non-class space:      128.00 MB reserved,     125.06 MB ( 98%) committed,  2 nodes.
      Class space:        1.00 GB reserved,      21.00 MB (  2%) committed,  1 nodes.
             Both:        1.12 GB reserved,     146.06 MB ( 13%) committed. 

Chunk freelists:
   Non-Class:  2.89 MB
       Class:  11.04 MB
        Both:  13.93 MB

MaxMetaspaceSize: unlimited
CompressedClassSpaceSize: 1.00 GB
Initial GC threshold: 21.00 MB
Current GC threshold: 238.25 MB
CDS: off
 - commit_granule_bytes: 65536.
 - commit_granule_words: 8192.
 - virtual_space_node_default_size: 8388608.
 - enlarge_chunks_in_place: 1.
 - use_allocation_guard: 0.


Internal statistics:

num_allocs_failed_limit: 6.
num_arena_births: 5178.
num_arena_deaths: 2.
num_vsnodes_births: 3.
num_vsnodes_deaths: 0.
num_space_committed: 2336.
num_space_uncommitted: 0.
num_chunks_returned_to_freelist: 8.
num_chunks_taken_from_freelist: 11558.
num_chunk_merges: 3.
num_chunk_splits: 7466.
num_chunks_enlarged: 4604.
num_inconsistent_stats: 0.

CodeHeap 'non-profiled nmethods': size=120000Kb used=9906Kb max_used=10106Kb free=110093Kb
 bounds [0x00000184d2e10000, 0x00000184d3800000, 0x00000184da340000]
CodeHeap 'profiled nmethods': size=120000Kb used=21955Kb max_used=24507Kb free=98044Kb
 bounds [0x00000184cb340000, 0x00000184ccb40000, 0x00000184d2870000]
CodeHeap 'non-nmethods': size=5760Kb used=2192Kb max_used=2237Kb free=3567Kb
 bounds [0x00000184d2870000, 0x00000184d2ae0000, 0x00000184d2e10000]
CodeCache: size=245760Kb, used=34053Kb, max_used=36850Kb, free=211704Kb
 total_blobs=12122, nmethods=11089, adapters=937, full_count=0
Compilation: enabled, stopped_count=0, restarted_count=0

Compilation events (20 events):
Event: 804.910 Thread 0x00000184eb1d90a0 19885   !   4       java.lang.StringLatin1::replace (291 bytes)
Event: 804.910 Thread 0x00000184e4110270 nmethod 19877 0x00000184cc712390 code [0x00000184cc712580, 0x00000184cc712ba8]
Event: 804.910 Thread 0x00000184e4110270 19884       3       android.databinding.tool.util.StringUtils::unescapeXml (58 bytes)
Event: 804.910 Thread 0x00000184e4110270 nmethod 19884 0x00000184cbde8410 code [0x00000184cbde8640, 0x00000184cbde8960]
Event: 804.910 Thread 0x00000184e4110270 19878       3       android.databinding.internal.org.antlr.v4.runtime.BufferedTokenStream::previousTokenOnChannel (69 bytes)
Event: 804.910 Thread 0x00000184eb1de260 nmethod 19882 0x00000184d3687190 code [0x00000184d3687320, 0x00000184d3687510]
Event: 804.911 Thread 0x00000184e4110270 nmethod 19878 0x00000184cbe28b90 code [0x00000184cbe28dc0, 0x00000184cbe296c0]
Event: 804.911 Thread 0x00000184e4110270 19879       3       android.databinding.internal.org.antlr.v4.runtime.ParserRuleContext::addChild (31 bytes)
Event: 804.911 Thread 0x00000184e4110270 nmethod 19879 0x00000184cbf68310 code [0x00000184cbf68500, 0x00000184cbf689b0]
Event: 804.911 Thread 0x00000184e4110270 19883   !   3       android.databinding.parser.XMLParser::attribute (126 bytes)
Event: 804.911 Thread 0x00000184e4110270 nmethod 19883 0x00000184cb790b90 code [0x00000184cb790e20, 0x00000184cb791ac0]
Event: 804.911 Thread 0x00000184e4110270 19881       3       android.databinding.internal.org.antlr.v4.runtime.atn.AtomTransition::matches (14 bytes)
Event: 804.911 Thread 0x00000184e4110270 nmethod 19881 0x00000184cc856510 code [0x00000184cc8566a0, 0x00000184cc856800]
Event: 804.911 Thread 0x00000184e4110270 19886       1       com.android.ide.common.resources.MergedResourceWriterRequest::getNotCompiledOutputDirectory (5 bytes)
Event: 804.911 Thread 0x00000184e4110270 nmethod 19886 0x00000184d3688790 code [0x00000184d3688920, 0x00000184d36889e8]
Event: 804.911 Thread 0x00000184e4110270 19887       1       com.android.ide.common.resources.MergedResourceWriterRequest::getPseudoLocalesEnabled (5 bytes)
Event: 804.911 Thread 0x00000184e4110270 nmethod 19887 0x00000184d3688490 code [0x00000184d3688620, 0x00000184d36886f0]
Event: 804.911 Thread 0x00000184e4110270 19888       1       com.android.ide.common.resources.MergedResourceWriterRequest::getCrunchPng (5 bytes)
Event: 804.911 Thread 0x00000184e4110270 nmethod 19888 0x00000184d343a610 code [0x00000184d343a7a0, 0x00000184d343a870]
Event: 804.912 Thread 0x00000184e4110270 19889 %     3       com.sun.org.apache.xerces.internal.impl.io.UTF8Reader::read @ 113 (1443 bytes)

GC Heap History (20 events):
Event: 611.491 GC heap before
{Heap before GC invocations=57 (full 0):
 garbage-first heap   total 270336K, used 245446K [0x0000000080000000, 0x0000000100000000)
  region size 1024K, 90 young (92160K), 7 survivors (7168K)
 Metaspace       used 135359K, committed 137920K, reserved 1179648K
  class space    used 18757K, committed 20032K, reserved 1048576K
}
Event: 611.493 GC heap after
{Heap after GC invocations=58 (full 0):
 garbage-first heap   total 270336K, used 160276K [0x0000000080000000, 0x0000000100000000)
  region size 1024K, 7 young (7168K), 7 survivors (7168K)
 Metaspace       used 135359K, committed 137920K, reserved 1179648K
  class space    used 18757K, committed 20032K, reserved 1048576K
}
Event: 800.422 GC heap before
{Heap before GC invocations=58 (full 0):
 garbage-first heap   total 270336K, used 254484K [0x0000000080000000, 0x0000000100000000)
  region size 1024K, 99 young (101376K), 7 survivors (7168K)
 Metaspace       used 135424K, committed 137920K, reserved 1179648K
  class space    used 18763K, committed 20032K, reserved 1048576K
}
Event: 800.425 GC heap after
{Heap after GC invocations=59 (full 0):
 garbage-first heap   total 270336K, used 160501K [0x0000000080000000, 0x0000000100000000)
  region size 1024K, 7 young (7168K), 7 survivors (7168K)
 Metaspace       used 135424K, committed 137920K, reserved 1179648K
  class space    used 18763K, committed 20032K, reserved 1048576K
}
Event: 801.093 GC heap before
{Heap before GC invocations=59 (full 0):
 garbage-first heap   total 270336K, used 255733K [0x0000000080000000, 0x0000000100000000)
  region size 1024K, 100 young (102400K), 7 survivors (7168K)
 Metaspace       used 135865K, committed 138432K, reserved 1179648K
  class space    used 18820K, committed 20096K, reserved 1048576K
}
Event: 801.097 GC heap after
{Heap after GC invocations=60 (full 0):
 garbage-first heap   total 270336K, used 163497K [0x0000000080000000, 0x0000000100000000)
  region size 1024K, 10 young (10240K), 10 survivors (10240K)
 Metaspace       used 135865K, committed 138432K, reserved 1179648K
  class space    used 18820K, committed 20096K, reserved 1048576K
}
Event: 801.819 GC heap before
{Heap before GC invocations=61 (full 0):
 garbage-first heap   total 273408K, used 254633K [0x0000000080000000, 0x0000000100000000)
  region size 1024K, 100 young (102400K), 10 survivors (10240K)
 Metaspace       used 139882K, committed 142400K, reserved 1179648K
  class space    used 19325K, committed 20544K, reserved 1048576K
}
Event: 801.827 GC heap after
{Heap after GC invocations=62 (full 0):
 garbage-first heap   total 275456K, used 172143K [0x0000000080000000, 0x0000000100000000)
  region size 1024K, 13 young (13312K), 13 survivors (13312K)
 Metaspace       used 139882K, committed 142400K, reserved 1179648K
  class space    used 19325K, committed 20544K, reserved 1048576K
}
Event: 802.299 GC heap before
{Heap before GC invocations=62 (full 0):
 garbage-first heap   total 275456K, used 259183K [0x0000000080000000, 0x0000000100000000)
  region size 1024K, 99 young (101376K), 13 survivors (13312K)
 Metaspace       used 140971K, committed 143552K, reserved 1179648K
  class space    used 19499K, committed 20736K, reserved 1048576K
}
Event: 802.309 GC heap after
{Heap after GC invocations=63 (full 0):
 garbage-first heap   total 288768K, used 184408K [0x0000000080000000, 0x0000000100000000)
  region size 1024K, 13 young (13312K), 13 survivors (13312K)
 Metaspace       used 140971K, committed 143552K, reserved 1179648K
  class space    used 19499K, committed 20736K, reserved 1048576K
}
Event: 802.347 GC heap before
{Heap before GC invocations=63 (full 0):
 garbage-first heap   total 288768K, used 266328K [0x0000000080000000, 0x0000000100000000)
  region size 1024K, 94 young (96256K), 13 survivors (13312K)
 Metaspace       used 140973K, committed 143552K, reserved 1179648K
  class space    used 19499K, committed 20736K, reserved 1048576K
}
Event: 802.352 GC heap after
{Heap after GC invocations=64 (full 0):
 garbage-first heap   total 288768K, used 187638K [0x0000000080000000, 0x0000000100000000)
  region size 1024K, 3 young (3072K), 3 survivors (3072K)
 Metaspace       used 140973K, committed 143552K, reserved 1179648K
  class space    used 19499K, committed 20736K, reserved 1048576K
}
Event: 802.939 GC heap before
{Heap before GC invocations=65 (full 0):
 garbage-first heap   total 314368K, used 269558K [0x0000000080000000, 0x0000000100000000)
  region size 1024K, 84 young (86016K), 3 survivors (3072K)
 Metaspace       used 141757K, committed 144320K, reserved 1179648K
  class space    used 19679K, committed 20928K, reserved 1048576K
}
Event: 802.941 GC heap after
{Heap after GC invocations=66 (full 0):
 garbage-first heap   total 314368K, used 188828K [0x0000000080000000, 0x0000000100000000)
  region size 1024K, 4 young (4096K), 4 survivors (4096K)
 Metaspace       used 141757K, committed 144320K, reserved 1179648K
  class space    used 19679K, committed 20928K, reserved 1048576K
}
Event: 802.989 GC heap before
{Heap before GC invocations=66 (full 0):
 garbage-first heap   total 314368K, used 293276K [0x0000000080000000, 0x0000000100000000)
  region size 1024K, 107 young (109568K), 4 survivors (4096K)
 Metaspace       used 141758K, committed 144320K, reserved 1179648K
  class space    used 19679K, committed 20928K, reserved 1048576K
}
Event: 802.994 GC heap after
{Heap after GC invocations=67 (full 0):
 garbage-first heap   total 314368K, used 184654K [0x0000000080000000, 0x0000000100000000)
  region size 1024K, 4 young (4096K), 4 survivors (4096K)
 Metaspace       used 141758K, committed 144320K, reserved 1179648K
  class space    used 19679K, committed 20928K, reserved 1048576K
}
Event: 803.900 GC heap before
{Heap before GC invocations=67 (full 0):
 garbage-first heap   total 314368K, used 277838K [0x0000000080000000, 0x0000000100000000)
  region size 1024K, 97 young (99328K), 4 survivors (4096K)
 Metaspace       used 143736K, committed 146368K, reserved 1179648K
  class space    used 19859K, committed 21120K, reserved 1048576K
}
Event: 803.910 GC heap after
{Heap after GC invocations=68 (full 0):
 garbage-first heap   total 314368K, used 205524K [0x0000000080000000, 0x0000000100000000)
  region size 1024K, 15 young (15360K), 15 survivors (15360K)
 Metaspace       used 143736K, committed 146368K, reserved 1179648K
  class space    used 19859K, committed 21120K, reserved 1048576K
}
Event: 804.591 GC heap before
{Heap before GC invocations=69 (full 0):
 garbage-first heap   total 358400K, used 300756K [0x0000000080000000, 0x0000000100000000)
  region size 1024K, 92 young (94208K), 15 survivors (15360K)
 Metaspace       used 144325K, committed 146944K, reserved 1179648K
  class space    used 19920K, committed 21184K, reserved 1048576K
}
Event: 804.604 GC heap after
{Heap after GC invocations=70 (full 0):
 garbage-first heap   total 358400K, used 232211K [0x0000000080000000, 0x0000000100000000)
  region size 1024K, 12 young (12288K), 12 survivors (12288K)
 Metaspace       used 144325K, committed 146944K, reserved 1179648K
  class space    used 19920K, committed 21184K, reserved 1048576K
}

Dll operation events (3 events):
Event: 0.008 Loaded shared library C:\Program Files\Android\Android Studio\jbr\bin\java.dll
Event: 0.013 Loaded shared library C:\Program Files\Android\Android Studio\jbr\bin\zip.dll
Event: 0.465 Loaded shared library C:\Program Files\Android\Android Studio\jbr\bin\verify.dll

Deoptimization events (20 events):
Event: 804.896 Thread 0x00000184e5f0bfd0 Uncommon trap: trap_request=0xffffff45 fr.pc=0x00000184d37b2ef4 relative=0x00000000000008d4
Event: 804.896 Thread 0x00000184e5f0bfd0 Uncommon trap: reason=unstable_if action=reinterpret pc=0x00000184d37b2ef4 method=com.sun.org.apache.xerces.internal.parsers.XML11Configuration.checkProperty(Ljava/lang/String;)Lcom/sun/org/apache/xerces/internal/util/PropertyState; @ 29 c2
Event: 804.896 Thread 0x00000184e5f0bfd0 DEOPT PACKING pc=0x00000184d37b2ef4 sp=0x00000045606fa280
Event: 804.896 Thread 0x00000184e5f0bfd0 DEOPT UNPACKING pc=0x00000184d28c43a2 sp=0x00000045606fa240 mode 2
Event: 804.897 Thread 0x00000184e5f0bfd0 Uncommon trap: trap_request=0xffffffc6 fr.pc=0x00000184d3379190 relative=0x0000000000000bf0
Event: 804.897 Thread 0x00000184e5f0bfd0 Uncommon trap: reason=bimorphic_or_optimized_type_check action=maybe_recompile pc=0x00000184d3379190 method=java.io.BufferedInputStream.read1([BII)I @ 52 c2
Event: 804.897 Thread 0x00000184e5f0bfd0 DEOPT PACKING pc=0x00000184d3379190 sp=0x00000045606fa0b0
Event: 804.897 Thread 0x00000184e5f0bfd0 DEOPT UNPACKING pc=0x00000184d28c43a2 sp=0x00000045606f9fc8 mode 2
Event: 804.900 Thread 0x00000184e5f0bfd0 Uncommon trap: trap_request=0xffffff45 fr.pc=0x00000184d3506200 relative=0x0000000000000640
Event: 804.900 Thread 0x00000184e5f0bfd0 Uncommon trap: reason=unstable_if action=reinterpret pc=0x00000184d3506200 method=android.databinding.internal.org.antlr.v4.runtime.ANTLRInputStream.LA(I)I @ 38 c2
Event: 804.900 Thread 0x00000184e5f0bfd0 DEOPT PACKING pc=0x00000184d3506200 sp=0x00000045606fa2a0
Event: 804.900 Thread 0x00000184e5f0bfd0 DEOPT UNPACKING pc=0x00000184d28c43a2 sp=0x00000045606fa170 mode 2
Event: 804.902 Thread 0x00000184e5f0bfd0 Uncommon trap: trap_request=0xffffffc6 fr.pc=0x00000184d3379190 relative=0x0000000000000bf0
Event: 804.902 Thread 0x00000184e5f0bfd0 Uncommon trap: reason=bimorphic_or_optimized_type_check action=maybe_recompile pc=0x00000184d3379190 method=java.io.BufferedInputStream.read1([BII)I @ 52 c2
Event: 804.902 Thread 0x00000184e5f0bfd0 DEOPT PACKING pc=0x00000184d3379190 sp=0x00000045606fa0b0
Event: 804.902 Thread 0x00000184e5f0bfd0 DEOPT UNPACKING pc=0x00000184d28c43a2 sp=0x00000045606f9fc8 mode 2
Event: 804.909 Thread 0x00000184e5f0bfd0 Uncommon trap: trap_request=0xffffff45 fr.pc=0x00000184d3638430 relative=0x0000000000000570
Event: 804.909 Thread 0x00000184e5f0bfd0 Uncommon trap: reason=unstable_if action=reinterpret pc=0x00000184d3638430 method=android.databinding.internal.org.antlr.v4.runtime.ANTLRInputStream.LA(I)I @ 38 c2
Event: 804.909 Thread 0x00000184e5f0bfd0 DEOPT PACKING pc=0x00000184d3638430 sp=0x00000045606fa260
Event: 804.909 Thread 0x00000184e5f0bfd0 DEOPT UNPACKING pc=0x00000184d28c43a2 sp=0x00000045606fa1b0 mode 2

Classes loaded (20 events):
Event: 804.799 Loading class com/sun/org/apache/xml/internal/dtm/ref/DTMNodeListBase done
Event: 804.799 Loading class com/sun/org/apache/xml/internal/dtm/ref/DTMNodeList done
Event: 804.799 Loading class com/sun/org/apache/xpath/internal/axes/NodeSequence$IteratorCache
Event: 804.799 Loading class com/sun/org/apache/xpath/internal/axes/NodeSequence$IteratorCache done
Event: 804.799 Loading class com/sun/org/apache/xml/internal/dtm/ref/DTMDefaultBaseTraversers$ChildTraverser
Event: 804.799 Loading class com/sun/org/apache/xml/internal/dtm/ref/DTMDefaultBaseTraversers$ChildTraverser done
Event: 804.799 Loading class com/sun/org/apache/xerces/internal/dom/DeferredElementImpl
Event: 804.799 Loading class com/sun/org/apache/xerces/internal/dom/DeferredElementImpl done
Event: 804.801 Loading class com/sun/org/apache/xerces/internal/dom/DeferredAttrImpl
Event: 804.801 Loading class com/sun/org/apache/xerces/internal/dom/DeferredAttrImpl done
Event: 804.803 Loading class com/sun/org/apache/xerces/internal/dom/DeferredTextImpl
Event: 804.803 Loading class com/sun/org/apache/xerces/internal/dom/DeferredTextImpl done
Event: 804.804 Loading class com/sun/org/apache/xerces/internal/dom/DeferredCommentImpl
Event: 804.804 Loading class com/sun/org/apache/xerces/internal/dom/DeferredCommentImpl done
Event: 804.804 Loading class com/sun/org/apache/xml/internal/utils/XMLCharacterRecognizer
Event: 804.804 Loading class com/sun/org/apache/xml/internal/utils/XMLCharacterRecognizer done
Event: 804.809 Loading class java/nio/file/StandardCopyOption
Event: 804.809 Loading class java/nio/file/StandardCopyOption done
Event: 804.820 Loading class sun/nio/fs/WindowsFileCopy
Event: 804.820 Loading class sun/nio/fs/WindowsFileCopy done

Classes unloaded (1 events):
Event: 802.418 Thread 0x00000184e4009f10 Unloading class 0x0000000100fa4000 'java/lang/invoke/LambdaForm$MH+0x0000000100fa4000'

Classes redefined (0 events):
No events

Internal exceptions (20 events):
Event: 804.891 Thread 0x00000184e5f0bfd0 Exception <a 'sun/nio/fs/WindowsException'{0x0000000092760918}> (0x0000000092760918) 
thrown [s\src\hotspot\share\prims\jni.cpp, line 537]
Event: 804.891 Thread 0x00000184e5f0bfd0 Exception <a 'sun/nio/fs/WindowsException'{0x000000009276a8e8}> (0x000000009276a8e8) 
thrown [s\src\hotspot\share\prims\jni.cpp, line 537]
Event: 804.892 Thread 0x00000184e5f0bfd0 Exception <a 'sun/nio/fs/WindowsException'{0x000000009277de60}> (0x000000009277de60) 
thrown [s\src\hotspot\share\prims\jni.cpp, line 537]
Event: 804.892 Thread 0x00000184e5f0bfd0 Exception <a 'sun/nio/fs/WindowsException'{0x000000009278bda8}> (0x000000009278bda8) 
thrown [s\src\hotspot\share\prims\jni.cpp, line 537]
Event: 804.892 Thread 0x00000184e5f0bfd0 Exception <a 'sun/nio/fs/WindowsException'{0x000000009279c5b0}> (0x000000009279c5b0) 
thrown [s\src\hotspot\share\prims\jni.cpp, line 537]
Event: 804.893 Thread 0x00000184e5f0bfd0 Exception <a 'sun/nio/fs/WindowsException'{0x00000000927a8c90}> (0x00000000927a8c90) 
thrown [s\src\hotspot\share\prims\jni.cpp, line 537]
Event: 804.895 Thread 0x00000184e5f0bfd0 Exception <a 'sun/nio/fs/WindowsException'{0x00000000927fe248}> (0x00000000927fe248) 
thrown [s\src\hotspot\share\prims\jni.cpp, line 537]
Event: 804.896 Thread 0x00000184e5f0bfd0 Exception <a 'sun/nio/fs/WindowsException'{0x0000000092608ff0}> (0x0000000092608ff0) 
thrown [s\src\hotspot\share\prims\jni.cpp, line 537]
Event: 804.897 Thread 0x00000184e5f0bfd0 Exception <a 'sun/nio/fs/WindowsException'{0x000000009261f6d0}> (0x000000009261f6d0) 
thrown [s\src\hotspot\share\prims\jni.cpp, line 537]
Event: 804.898 Thread 0x00000184e5f0bfd0 Exception <a 'sun/nio/fs/WindowsException'{0x000000009266c110}> (0x000000009266c110) 
thrown [s\src\hotspot\share\prims\jni.cpp, line 537]
Event: 804.898 Thread 0x00000184e5f0bfd0 Exception <a 'sun/nio/fs/WindowsException'{0x000000009266f8c0}> (0x000000009266f8c0) 
thrown [s\src\hotspot\share\prims\jni.cpp, line 537]
Event: 804.898 Thread 0x00000184e5f0bfd0 Exception <a 'sun/nio/fs/WindowsException'{0x0000000092670e90}> (0x0000000092670e90) 
thrown [s\src\hotspot\share\prims\jni.cpp, line 537]
Event: 804.901 Thread 0x00000184e5f0bfd0 Exception <a 'sun/nio/fs/WindowsException'{0x00000000926adec0}> (0x00000000926adec0) 
thrown [s\src\hotspot\share\prims\jni.cpp, line 537]
Event: 804.902 Thread 0x00000184e5f0bfd0 Exception <a 'sun/nio/fs/WindowsException'{0x00000000926c56d8}> (0x00000000926c56d8) 
thrown [s\src\hotspot\share\prims\jni.cpp, line 537]
Event: 804.903 Thread 0x00000184e5f0bfd0 Exception <a 'sun/nio/fs/WindowsException'{0x0000000092513728}> (0x0000000092513728) 
thrown [s\src\hotspot\share\prims\jni.cpp, line 537]
Event: 804.903 Thread 0x00000184e5f0bfd0 Exception <a 'sun/nio/fs/WindowsException'{0x0000000092516ea0}> (0x0000000092516ea0) 
thrown [s\src\hotspot\share\prims\jni.cpp, line 537]
Event: 804.903 Thread 0x00000184e5f0bfd0 Exception <a 'sun/nio/fs/WindowsException'{0x0000000092518438}> (0x0000000092518438) 
thrown [s\src\hotspot\share\prims\jni.cpp, line 537]
Event: 804.911 Thread 0x00000184e5f0bfd0 Exception <a 'sun/nio/fs/WindowsException'{0x000000009255ab40}> (0x000000009255ab40) 
thrown [s\src\hotspot\share\prims\jni.cpp, line 537]
Event: 804.912 Thread 0x00000184e5f0bfd0 Exception <a 'sun/nio/fs/WindowsException'{0x00000000925721a0}> (0x00000000925721a0) 
thrown [s\src\hotspot\share\prims\jni.cpp, line 537]
Event: 804.913 Thread 0x00000184e5f0bfd0 Implicit null exception at 0x00000184cc010824 to 0x0000000000000000

ZGC Phase Switch (0 events):
No events

VM Operations (20 events):
Event: 804.339 Executing non-safepoint VM operation: HandshakeAllThreads (Deoptimize)
Event: 804.340 Executing non-safepoint VM operation: HandshakeAllThreads (Deoptimize) done
Event: 804.473 Executing safepoint VM operation: ICBufferFull
Event: 804.473 Executing safepoint VM operation: ICBufferFull done
Event: 804.591 Executing safepoint VM operation: G1CollectForAllocation (G1 Evacuation Pause)
Event: 804.604 Executing safepoint VM operation: G1CollectForAllocation (G1 Evacuation Pause) done
Event: 804.775 Executing non-safepoint VM operation: HandshakeAllThreads (Deoptimize)
Event: 804.775 Executing non-safepoint VM operation: HandshakeAllThreads (Deoptimize) done
Event: 804.776 Executing non-safepoint VM operation: HandshakeAllThreads (Deoptimize)
Event: 804.776 Executing non-safepoint VM operation: HandshakeAllThreads (Deoptimize) done
Event: 804.794 Executing non-safepoint VM operation: HandshakeAllThreads (Deoptimize)
Event: 804.794 Executing non-safepoint VM operation: HandshakeAllThreads (Deoptimize) done
Event: 804.801 Executing non-safepoint VM operation: HandshakeAllThreads (Deoptimize)
Event: 804.801 Executing non-safepoint VM operation: HandshakeAllThreads (Deoptimize) done
Event: 804.802 Executing non-safepoint VM operation: HandshakeAllThreads (Deoptimize)
Event: 804.802 Executing non-safepoint VM operation: HandshakeAllThreads (Deoptimize) done
Event: 804.804 Executing non-safepoint VM operation: HandshakeAllThreads (Deoptimize)
Event: 804.804 Executing non-safepoint VM operation: HandshakeAllThreads (Deoptimize) done
Event: 804.804 Executing non-safepoint VM operation: HandshakeAllThreads (Deoptimize)
Event: 804.804 Executing non-safepoint VM operation: HandshakeAllThreads (Deoptimize) done

Memory protections (0 events):
No events

Nmethod flushes (20 events):
Event: 803.993 Thread 0x00000184e4009f10 flushing  nmethod 0x00000184cc992790
Event: 803.993 Thread 0x00000184e4009f10 flushing  nmethod 0x00000184cc993c90
Event: 803.993 Thread 0x00000184e4009f10 flushing  nmethod 0x00000184cc994310
Event: 803.993 Thread 0x00000184e4009f10 flushing  nmethod 0x00000184cc994890
Event: 803.993 Thread 0x00000184e4009f10 flushing  nmethod 0x00000184cc995710
Event: 803.993 Thread 0x00000184e4009f10 flushing  nmethod 0x00000184cc996510
Event: 803.993 Thread 0x00000184e4009f10 flushing  nmethod 0x00000184cc997090
Event: 803.993 Thread 0x00000184e4009f10 flushing  nmethod 0x00000184cc997490
Event: 803.993 Thread 0x00000184e4009f10 flushing  nmethod 0x00000184cc99e090
Event: 803.993 Thread 0x00000184e4009f10 flushing  nmethod 0x00000184cc9f9810
Event: 803.993 Thread 0x00000184e4009f10 flushing  nmethod 0x00000184cc9f9c90
Event: 803.993 Thread 0x00000184e4009f10 flushing  nmethod 0x00000184cc9fb790
Event: 803.993 Thread 0x00000184e4009f10 flushing  nmethod 0x00000184cc9fe590
Event: 803.993 Thread 0x00000184e4009f10 flushing  nmethod 0x00000184cc9fee10
Event: 803.993 Thread 0x00000184e4009f10 flushing  nmethod 0x00000184cca00c10
Event: 803.993 Thread 0x00000184e4009f10 flushing  nmethod 0x00000184cca4b990
Event: 803.993 Thread 0x00000184e4009f10 flushing  nmethod 0x00000184cca4e710
Event: 803.993 Thread 0x00000184e4009f10 flushing  nmethod 0x00000184cca50910
Event: 803.993 Thread 0x00000184e4009f10 flushing  nmethod 0x00000184cca51010
Event: 803.993 Thread 0x00000184e4009f10 flushing  nmethod 0x00000184cca53590

Events (20 events):
Event: 802.438 Thread 0x00000184e720b800 Thread added: 0x00000184e5676e70
Event: 802.438 Thread 0x00000184e720b800 Thread added: 0x00000184eb2e0430
Event: 802.438 Thread 0x00000184e720b800 Thread added: 0x00000184eb2e0ac0
Event: 802.438 Thread 0x00000184e720b800 Thread added: 0x00000184e410a870
Event: 802.491 Thread 0x00000184e720b800 Thread added: 0x00000184e9a53960
Event: 802.673 Thread 0x00000184eb1d90a0 Thread exited: 0x00000184eb1d90a0
Event: 802.812 Thread 0x00000184eb1d9770 Thread exited: 0x00000184eb1d9770
Event: 802.922 Thread 0x00000184e4110270 Thread added: 0x00000184eb1de260
Event: 802.930 Thread 0x00000184e5f0bfd0 Thread added: 0x00000184e9a525b0
Event: 802.930 Thread 0x00000184e5f0bfd0 Thread added: 0x00000184e9a56de0
Event: 802.930 Thread 0x00000184e5f0bfd0 Thread added: 0x00000184e9a57470
Event: 802.930 Thread 0x00000184e5f0bfd0 Thread added: 0x00000184e9a52c40
Event: 802.930 Thread 0x00000184e5f0bfd0 Thread added: 0x00000184e9a54680
Event: 802.931 Thread 0x00000184e5f0bfd0 Thread added: 0x00000184e9a58820
Event: 802.931 Thread 0x00000184e5f0bfd0 Thread added: 0x00000184e9a532d0
Event: 802.931 Thread 0x00000184e5f0bfd0 Thread added: 0x00000184e9a51f20
Event: 802.931 Thread 0x00000184e5f0bfd0 Thread added: 0x00000184e9a53ff0
Event: 802.931 Thread 0x00000184e5f0bfd0 Thread added: 0x00000184e9a51890
Event: 802.931 Thread 0x00000184e5f0bfd0 Thread added: 0x00000184e9a5b610
Event: 803.012 Thread 0x00000184eb1de260 Thread added: 0x00000184eb1d90a0


Dynamic libraries:
0x00007ff7f9510000 - 0x00007ff7f951a000 	C:\Program Files\Android\Android Studio\jbr\bin\java.exe
0x00007ffc60970000 - 0x00007ffc60b68000 	C:\Windows\SYSTEM32\ntdll.dll
0x00007ffc606b0000 - 0x00007ffc60772000 	C:\Windows\System32\KERNEL32.DLL
0x00007ffc5e2b0000 - 0x00007ffc5e5a6000 	C:\Windows\System32\KERNELBASE.dll
0x00007ffc5e800000 - 0x00007ffc5e900000 	C:\Windows\System32\ucrtbase.dll
0x00007ffc57810000 - 0x00007ffc5782b000 	C:\Program Files\Android\Android Studio\jbr\bin\VCRUNTIME140.dll
0x00007ffc59060000 - 0x00007ffc59078000 	C:\Program Files\Android\Android Studio\jbr\bin\jli.dll
0x00007ffc5ff40000 - 0x00007ffc600e1000 	C:\Windows\System32\USER32.dll
0x00007ffc43bf0000 - 0x00007ffc43e8b000 	C:\Windows\WinSxS\amd64_microsoft.windows.common-controls_6595b64144ccf1df_6.0.19041.6456_none_60b8a6cb71f64256\COMCTL32.dll
0x00007ffc5e6b0000 - 0x00007ffc5e6d2000 	C:\Windows\System32\win32u.dll
0x00007ffc604d0000 - 0x00007ffc6056e000 	C:\Windows\System32\msvcrt.dll
0x00007ffc60900000 - 0x00007ffc6092b000 	C:\Windows\System32\GDI32.dll
0x00007ffc5e6e0000 - 0x00007ffc5e7f9000 	C:\Windows\System32\gdi32full.dll
0x00007ffc5e000000 - 0x00007ffc5e09d000 	C:\Windows\System32\msvcp_win.dll
0x00007ffc60250000 - 0x00007ffc6027f000 	C:\Windows\System32\IMM32.DLL
0x00007ffc59ea0000 - 0x00007ffc59eac000 	C:\Program Files\Android\Android Studio\jbr\bin\vcruntime140_1.dll
0x00007ffc53020000 - 0x00007ffc530ad000 	C:\Program Files\Android\Android Studio\jbr\bin\msvcp140.dll
0x00007ffbddac0000 - 0x00007ffbde756000 	C:\Program Files\Android\Android Studio\jbr\bin\server\jvm.dll
0x00007ffc60410000 - 0x00007ffc604c1000 	C:\Windows\System32\ADVAPI32.dll
0x00007ffc5fca0000 - 0x00007ffc5fd3f000 	C:\Windows\System32\sechost.dll
0x00007ffc607e0000 - 0x00007ffc60900000 	C:\Windows\System32\RPCRT4.dll
0x00007ffc5e280000 - 0x00007ffc5e2a7000 	C:\Windows\System32\bcrypt.dll
0x00007ffc60150000 - 0x00007ffc601bb000 	C:\Windows\System32\WS2_32.dll
0x00007ffc5d540000 - 0x00007ffc5d58b000 	C:\Windows\SYSTEM32\POWRPROF.dll
0x00007ffc50760000 - 0x00007ffc50787000 	C:\Windows\SYSTEM32\WINMM.dll
0x00007ffc55560000 - 0x00007ffc5556a000 	C:\Windows\SYSTEM32\VERSION.dll
0x00007ffc5d400000 - 0x00007ffc5d412000 	C:\Windows\SYSTEM32\UMPDC.dll
0x00007ffc5c860000 - 0x00007ffc5c872000 	C:\Windows\SYSTEM32\kernel.appcore.dll
0x00007ffc59e90000 - 0x00007ffc59e9a000 	C:\Program Files\Android\Android Studio\jbr\bin\jimage.dll
0x00007ffc5c360000 - 0x00007ffc5c561000 	C:\Windows\SYSTEM32\DBGHELP.DLL
0x00007ffc3eda0000 - 0x00007ffc3edd4000 	C:\Windows\SYSTEM32\dbgcore.DLL
0x00007ffc5e900000 - 0x00007ffc5e982000 	C:\Windows\System32\bcryptPrimitives.dll
0x00007ffc59e70000 - 0x00007ffc59e7e000 	C:\Program Files\Android\Android Studio\jbr\bin\instrument.dll
0x00007ffc576c0000 - 0x00007ffc576e0000 	C:\Program Files\Android\Android Studio\jbr\bin\java.dll
0x00007ffc576a0000 - 0x00007ffc576b8000 	C:\Program Files\Android\Android Studio\jbr\bin\zip.dll
0x00007ffc5edd0000 - 0x00007ffc5f540000 	C:\Windows\System32\SHELL32.dll
0x00007ffc5ba90000 - 0x00007ffc5c235000 	C:\Windows\SYSTEM32\windows.storage.dll
0x00007ffc5e990000 - 0x00007ffc5ece4000 	C:\Windows\System32\combase.dll
0x00007ffc5da30000 - 0x00007ffc5da5b000 	C:\Windows\SYSTEM32\Wldp.dll
0x00007ffc5fd40000 - 0x00007ffc5fe0d000 	C:\Windows\System32\OLEAUT32.dll
0x00007ffc5f540000 - 0x00007ffc5f5ed000 	C:\Windows\System32\SHCORE.dll
0x00007ffc5ecf0000 - 0x00007ffc5ed4b000 	C:\Windows\System32\shlwapi.dll
0x00007ffc5df30000 - 0x00007ffc5df54000 	C:\Windows\SYSTEM32\profapi.dll
0x00007ffc550d0000 - 0x00007ffc550e0000 	C:\Program Files\Android\Android Studio\jbr\bin\net.dll
0x00007ffc55f70000 - 0x00007ffc5607a000 	C:\Windows\SYSTEM32\WINHTTP.dll
0x00007ffc5d790000 - 0x00007ffc5d7fa000 	C:\Windows\system32\mswsock.dll
0x00007ffc52c10000 - 0x00007ffc52c26000 	C:\Program Files\Android\Android Studio\jbr\bin\nio.dll
0x00007ffc4d3b0000 - 0x00007ffc4d3c0000 	C:\Program Files\Android\Android Studio\jbr\bin\verify.dll
0x00007ffc57740000 - 0x00007ffc57767000 	C:\Users\Lucas\.gradle\native\660c5614fbf4a5f2a75b1949f50a0caf5cd603558e7d8a26e50b933a0cfb79d1\windows-amd64\native-platform.dll
0x00007ffc52fa0000 - 0x00007ffc53017000 	C:\Users\Lucas\.gradle\native\0.2.8\x86_64-windows-gnu\gradle-fileevents.dll
0x00007ffc52cf0000 - 0x00007ffc52cf9000 	C:\Program Files\Android\Android Studio\jbr\bin\management.dll
0x00007ffc52a90000 - 0x00007ffc52a9b000 	C:\Program Files\Android\Android Studio\jbr\bin\management_ext.dll
0x00007ffc60230000 - 0x00007ffc60238000 	C:\Windows\System32\PSAPI.DLL
0x00007ffc5d420000 - 0x00007ffc5d45b000 	C:\Windows\SYSTEM32\IPHLPAPI.DLL
0x00007ffc601c0000 - 0x00007ffc601c8000 	C:\Windows\System32\NSI.dll
0x00007ffc541a0000 - 0x00007ffc541a9000 	C:\Program Files\Android\Android Studio\jbr\bin\extnet.dll
0x00007ffc5d990000 - 0x00007ffc5d9a8000 	C:\Windows\SYSTEM32\CRYPTSP.dll
0x00007ffc5d040000 - 0x00007ffc5d078000 	C:\Windows\system32\rsaenh.dll
0x00007ffc5def0000 - 0x00007ffc5df1e000 	C:\Windows\SYSTEM32\USERENV.dll
0x00007ffc5d980000 - 0x00007ffc5d98c000 	C:\Windows\SYSTEM32\CRYPTBASE.dll
0x00007ffc3c430000 - 0x00007ffc3c437000 	C:\Windows\system32\wshunix.dll
0x00007ffc5d460000 - 0x00007ffc5d52a000 	C:\Windows\SYSTEM32\DNSAPI.dll
0x00007ffc4e540000 - 0x00007ffc4e54a000 	C:\Windows\System32\rasadhlp.dll
0x00007ffc4e4c0000 - 0x00007ffc4e540000 	C:\Windows\System32\fwpuclnt.dll
0x00007ffc5d290000 - 0x00007ffc5d2c3000 	C:\Windows\SYSTEM32\ntmarta.dll

JVMTI agents:
C:\Users\Lucas\.gradle\wrapper\dists\gradle-9.3.1-bin\23ovyewtku6u96viwx3xl3oks\gradle-9.3.1\lib\agents\gradle-instrumentation-agent-9.3.1.jar path:C:\Program Files\Android\Android Studio\jbr\bin\instrument.dll, loaded, initialized, instrumentlib options:none

dbghelp: loaded successfully - version: 4.0.5 - missing functions: none
symbol engine: initialized successfully - sym options: 0x614 - pdb path: .;C:\Program Files\Android\Android Studio\jbr\bin;C:\Windows\SYSTEM32;C:\Windows\WinSxS\amd64_microsoft.windows.common-controls_6595b64144ccf1df_6.0.19041.6456_none_60b8a6cb71f64256;C:\Program Files\Android\Android Studio\jbr\bin\server;C:\Users\Lucas\.gradle\native\660c5614fbf4a5f2a75b1949f50a0caf5cd603558e7d8a26e50b933a0cfb79d1\windows-amd64;C:\Users\Lucas\.gradle\native\0.2.8\x86_64-windows-gnu

VM Arguments:
jvm_args: --add-opens=java.base/java.lang=ALL-UNNAMED --add-opens=java.base/java.lang.invoke=ALL-UNNAMED --add-opens=java.base/java.util=ALL-UNNAMED --add-opens=java.prefs/java.util.prefs=ALL-UNNAMED --add-exports=jdk.compiler/com.sun.tools.javac.api=ALL-UNNAMED --add-exports=jdk.compiler/com.sun.tools.javac.util=ALL-UNNAMED --add-opens=java.base/java.util=ALL-UNNAMED --add-opens=java.prefs/java.util.prefs=ALL-UNNAMED --add-opens=java.base/java.nio.charset=ALL-UNNAMED --add-opens=java.base/java.net=ALL-UNNAMED --add-opens=java.base/java.util.concurrent=ALL-UNNAMED --add-opens=java.base/java.util.concurrent.atomic=ALL-UNNAMED --add-opens=java.xml/javax.xml.namespace=ALL-UNNAMED --add-opens=java.base/java.time=ALL-UNNAMED -Xmx2048m -Dfile.encoding=UTF-8 -Duser.country=BR -Duser.language=pt -Duser.variant -javaagent:C:\Users\Lucas\.gradle\wrapper\dists\gradle-9.3.1-bin\23ovyewtku6u96viwx3xl3oks\gradle-9.3.1\lib\agents\gradle-instrumentation-agent-9.3.1.jar 
java_command: org.gradle.launcher.daemon.bootstrap.GradleDaemon 9.3.1
java_class_path (initial): C:\Users\Lucas\.gradle\wrapper\dists\gradle-9.3.1-bin\23ovyewtku6u96viwx3xl3oks\gradle-9.3.1\lib\gradle-daemon-main-9.3.1.jar
Launcher Type: SUN_STANDARD

[Global flags]
     intx CICompilerCount                          = 4                                         {product} {ergonomic}
     uint ConcGCThreads                            = 3                                         {product} {ergonomic}
     uint G1ConcRefinementThreads                  = 10                                        {product} {ergonomic}
   size_t G1HeapRegionSize                         = 1048576                                   {product} {ergonomic}
    uintx GCDrainStackTargetSize                   = 64                                        {product} {ergonomic}
   size_t InitialHeapSize                          = 268435456                                 {product} {ergonomic}
   size_t MarkStackSize                            = 4194304                                   {product} {ergonomic}
   size_t MaxHeapSize                              = 2147483648                                {product} {command line}
   size_t MaxNewSize                               = 1287651328                                {product} {ergonomic}
   size_t MinHeapDeltaBytes                        = 1048576                                   {product} {ergonomic}
   size_t MinHeapSize                              = 8388608                                   {product} {ergonomic}
    uintx NonNMethodCodeHeapSize                   = 5839372                                {pd product} {ergonomic}
    uintx NonProfiledCodeHeapSize                  = 122909434                              {pd product} {ergonomic}
    uintx ProfiledCodeHeapSize                     = 122909434                              {pd product} {ergonomic}
    uintx ReservedCodeCacheSize                    = 251658240                              {pd product} {ergonomic}
     bool SegmentedCodeCache                       = true                                      {product} {ergonomic}
   size_t SoftMaxHeapSize                          = 2147483648                             {manageable} {ergonomic}
     bool UseCompressedOops                        = true                           {product lp64_product} {ergonomic}
     bool UseG1GC                                  = true                                      {product} {ergonomic}
     bool UseLargePagesIndividualAllocation        = false                                  {pd product} {ergonomic}

Logging:
Log output configuration:
 #0: stdout all=warning uptime,level,tags foldmultilines=false
 #1: stderr all=off uptime,level,tags foldmultilines=false

Release file:
JAVA_VERSION="21.0.10" 
MODULES="java.base java.compiler java.datatransfer java.xml java.prefs java.desktop java.instrument java.logging java.management java.security.sasl java.naming java.rmi java.management.rmi java.net.http java.scripting java.security.jgss java.transaction.xa java.sql java.sql.rowset java.xml.crypto java.se java.smartcardio jdk.accessibility jdk.internal.jvmstat jdk.attach jdk.charsets jdk.internal.opt jdk.zipfs jdk.compiler jdk.crypto.ec jdk.crypto.cryptoki jdk.dynalink jdk.hotspot.agent jdk.httpserver jdk.internal.ed jdk.internal.le jdk.internal.vm.ci jdk.jartool jdk.javadoc jdk.jcmd jdk.jdeps jdk.jdwp.agent jdk.jdi jdk.jfr jdk.jlink jdk.jsobject jdk.localedata jdk.management jdk.management.agent jdk.management.jfr jdk.naming.dns jdk.naming.rmi jdk.net jdk.sctp jdk.security.auth jdk.security.jgss jdk.unsupported jdk.unsupported.desktop jdk.xml.dom" 
IMPLEMENTOR="JetBrains s.r.o." 
JAVA_RUNTIME_VERSION="21.0.10+-14961533-b1163.108" 
LIBC="default" 
OS_ARCH="x86_64" 
OS_NAME="Windows" 
SOURCE=".:git:1351622c2ff2" 

Environment Variables:
PATH=C:\Windows\system32;C:\Windows;C:\Windows\System32\Wbem;C:\Windows\System32\WindowsPowerShell\v1.0\;C:\Windows\System32\OpenSSH\;C:\Program Files\Git\cmd;C:\Users\Lucas\AppData\Local\Microsoft\WindowsApps;
USERNAME=Lucas
OS=Windows_NT
PROCESSOR_IDENTIFIER=AMD64 Family 25 Model 80 Stepping 0, AuthenticAMD
TMP=C:\Users\Lucas\AppData\Local\Temp
TEMP=C:\Users\Lucas\AppData\Local\Temp




Periodic native trim disabled

JNI global refs:
JNI global refs: 28, weak refs: 0

JNI global refs memory usage: 835, weak refs: 833

Process memory usage:
Resident Set Size: 733100K (4% of 16667768K total physical memory with 5029928K free physical memory)

OOME stack traces (most recent first):
Classloader memory used:
Loader org.gradle.internal.classloader.VisitableURLClassLoader                         : 48971K
Loader org.gradle.internal.classloader.VisitableURLClassLoader$InstrumentingVisitableURLClassLoader: 37216K
Loader bootstrap                                                                       : 35689K
Loader org.gradle.initialization.MixInLegacyTypesClassLoader                           : 14698K
Loader org.gradle.internal.classloader.VisitableURLClassLoader                         : 8661K
Loader jdk.internal.reflect.DelegatingClassLoader                                      : 802K
Loader jdk.internal.loader.ClassLoaders$PlatformClassLoader                            : 489K
Loader jdk.internal.loader.ClassLoaders$AppClassLoader                                 : 231K
Loader org.gradle.groovy.scripts.internal.DefaultScriptCompilationHandler$ScriptClassLoader: 208K

Classes loaded by more than one classloader:
Class Program                                                                         : loaded 5 times (x 72B)
Class com.google.common.collect.UnmodifiableListIterator                              : loaded 4 times (x 95B)
Class com.google.common.collect.UnmodifiableIterator                                  : loaded 4 times (x 80B)
Class com.google.common.collect.ImmutableList                                         : loaded 4 times (x 206B)
Class com.google.common.collect.Iterators$SingletonIterator                           : loaded 4 times (x 81B)
Class com.google.common.collect.Iterators                                             : loaded 4 times (x 71B)
Class com.google.common.collect.Lists$StringAsImmutableList                           : loaded 4 times (x 207B)
Class com.google.common.collect.AbstractIterator                                      : loaded 4 times (x 82B)
Class com.google.common.collect.AbstractIndexedListIterator                           : loaded 4 times (x 96B)
Class com.google.common.collect.PeekingIterator                                       : loaded 4 times (x 70B)
Class com.google.common.collect.Iterators$MergingIterator                             : loaded 4 times (x 81B)
Class com.google.common.collect.Iterators$1                                           : loaded 4 times (x 81B)
Class com.google.common.base.Preconditions                                            : loaded 4 times (x 71B)
Class com.google.common.collect.Iterators$4                                           : loaded 4 times (x 82B)
Class com.google.common.collect.Iterators$5                                           : loaded 4 times (x 82B)
Class com.google.common.collect.ImmutableCollection                                   : loaded 4 times (x 125B)
Class com.google.common.collect.Lists                                                 : loaded 4 times (x 71B)
Class com.google.common.collect.Iterators$9                                           : loaded 4 times (x 81B)
Class com.google.common.collect.Iterators$ArrayItr                                    : loaded 4 times (x 97B)
Class com.google.common.base.CharMatcher$NegatedFastMatcher                           : loaded 3 times (x 113B)
Class com.google.common.base.Predicate                                                : loaded 3 times (x 70B)
Class com.google.common.base.CharMatcher$FastMatcher                                  : loaded 3 times (x 111B)
Class org.gradle.api.Action                                                           : loaded 3 times (x 70B)
Class org.gradle.internal.Cast                                                        : loaded 3 times (x 71B)
Class com.google.common.base.CharMatcher$Or                                           : loaded 3 times (x 112B)
Class com.google.common.collect.ImmutableSet                                          : loaded 3 times (x 145B)
Class com.google.common.base.CharMatcher$BitSetMatcher                                : loaded 3 times (x 112B)
Class com.google.common.collect.RegularImmutableList                                  : loaded 3 times (x 213B)
Class com.google.common.base.Function                                                 : loaded 3 times (x 70B)
Class com.google.common.base.CharMatcher$IsNot                                        : loaded 3 times (x 111B)
Class com.google.common.collect.RegularImmutableSet                                   : loaded 3 times (x 149B)
Class org.gradle.api.GradleException                                                  : loaded 3 times (x 82B)
Class com.google.common.collect.ImmutableList$1                                       : loaded 3 times (x 97B)
Class com.google.common.base.CharMatcher$IsEither                                     : loaded 3 times (x 111B)
Class com.google.common.collect.ImmutableSet$CachingAsList                            : loaded 3 times (x 148B)
Class org.gradle.internal.IoActions                                                   : loaded 3 times (x 71B)
Class com.google.common.collect.ImmutableSet$RegularSetBuilderImpl                    : loaded 3 times (x 77B)
Class com.google.common.base.CharMatcher$AnyOf                                        : loaded 3 times (x 112B)
Class com.google.common.base.CharMatcher$ForPredicate                                 : loaded 3 times (x 112B)
Class com.google.common.base.CharMatcher$Negated                                      : loaded 3 times (x 113B)
Class com.google.common.base.CharMatcher$Is                                           : loaded 3 times (x 111B)
Class com.google.common.collect.SingletonImmutableSet                                 : loaded 3 times (x 146B)
Class com.google.common.base.Joiner$1                                                 : loaded 3 times (x 80B)
Class com.google.common.collect.ImmutableList$ReverseImmutableList                    : loaded 3 times (x 209B)
Class com.google.common.collect.SingletonImmutableList                                : loaded 3 times (x 207B)
Class com.google.common.base.CharMatcher                                              : loaded 3 times (x 111B)
Class com.google.common.base.ExtraObjectsMethodsForWeb                                : loaded 3 times (x 71B)
Class com.google.common.collect.Multimap                                              : loaded 3 times (x 70B)
Class com.google.common.base.Joiner$2                                                 : loaded 3 times (x 79B)
Class com.google.common.base.CharMatcher$NamedFastMatcher                             : loaded 3 times (x 112B)
Class com.google.common.base.Objects                                                  : loaded 3 times (x 71B)
Class com.google.common.base.CharMatcher$And                                          : loaded 3 times (x 112B)
Class com.google.common.base.CharMatcher$1                                            : loaded 3 times (x 113B)
Class com.google.common.base.CharMatcher$InRange                                      : loaded 3 times (x 111B)
Class com.google.common.collect.RegularImmutableAsList                                : loaded 3 times (x 217B)
Class com.google.common.collect.ImmutableList$Builder                                 : loaded 3 times (x 77B)
Class Build_gradle                                                                    : loaded 3 times (x 126B)
Class com.intellij.gradle.toolingExtension.util.GradleVersionUtil                     : loaded 3 times (x 71B)
Class com.google.common.collect.ImmutableSet$SetBuilderImpl                           : loaded 3 times (x 76B)
Class com.google.common.collect.ImmutableList$SubList                                 : loaded 3 times (x 209B)
Class com.google.common.base.Joiner                                                   : loaded 3 times (x 79B)
Class com.google.common.collect.ImmutableCollection$Builder                           : loaded 3 times (x 76B)
Class com.google.common.collect.ImmutableAsList                                       : loaded 3 times (x 209B)
Class org.gradle.internal.operations.MultipleBuildOperationFailures                   : loaded 2 times (x 95B)
Class com.google.common.base.Platform$JdkPatternCompiler                              : loaded 2 times (x 75B)
Class org.objectweb.asm.MethodTooLargeException                                       : loaded 2 times (x 83B)
Class [Lcom.google.common.cache.CacheBuilder$OneWeigher;                              : loaded 2 times (x 69B)
Class com.google.common.base.Suppliers                                                : loaded 2 times (x 71B)
Class com.google.gson.internal.bind.JsonAdapterAnnotationTypeAdapterFactory$DummyTypeAdapterFactory: loaded 2 times (x 75B)
Class com.google.gson.internal.bind.TypeAdapters$31                                   : loaded 2 times (x 76B)
Class com.google.gson.JsonSyntaxException                                             : loaded 2 times (x 82B)
Class org.jetbrains.kotlin.idea.gradleTooling.AndroidAwareGradleModelProvider$Companion: loaded 2 times (x 71B)
Class [Lcom.amazon.ion.impl.bin.IonRawBinaryWriter$StreamCloseMode;                   : loaded 2 times (x 69B)
Class com.amazon.ion.impl.lite.IonSymbolLite                                          : loaded 2 times (x 246B)
Class com.amazon.ion.impl.bin.IonManagedBinaryWriter$ImportedSymbolResolverMode$1     : loaded 2 times (x 80B)
Class com.intellij.util.containers.IntObjectHashMap$ArrayProducer                     : loaded 2 times (x 70B)
Class org.gradle.internal.classloader.DefaultClassLoaderFactory                       : loaded 2 times (x 82B)
Class com.google.common.base.CharMatcher$None                                         : loaded 2 times (x 112B)
Class com.google.gson.internal.bind.TypeAdapters$32                                   : loaded 2 times (x 76B)
Class com.amazon.ion.impl.bin.IonManagedBinaryWriter$ImportedSymbolResolverMode$2     : loaded 2 times (x 80B)
Class com.google.common.collect.ReverseNaturalOrdering                                : loaded 2 times (x 114B)
Class kotlin.text.MatcherMatchResult$groupValues$1                                    : loaded 2 times (x 198B)
Class kotlin.sequences.SequencesKt___SequencesKt                                      : loaded 2 times (x 71B)
Class kotlin.collections.AbstractList$Companion                                       : loaded 2 times (x 71B)
Class org.gradle.internal.classloader.ClassLoaderVisitor                              : loaded 2 times (x 76B)
Class ijJvmDebugger1_ec8srfcegv6bhqe6yuztoncih$_run_closure1                          : loaded 2 times (x 139B)
Class com.google.gson.internal.bind.ObjectTypeAdapter                                 : loaded 2 times (x 74B)
Class [Lcom.google.common.collect.ImmutableMapEntry;                                  : loaded 2 times (x 69B)
Class [Lcom.android.ide.common.repository.AgpVersion$PreviewKind;                     : loaded 2 times (x 69B)
Class org.jetbrains.kotlin.idea.projectModel.KotlinTaskProperties                     : loaded 2 times (x 70B)
Class org.jetbrains.plugins.gradle.tooling.serialization.internal.IdeaProjectSerializationService: loaded 2 times (x 77B)
Class com.google.common.collect.Ordering                                              : loaded 2 times (x 114B)
Class kotlin.sequences.SequencesKt___SequencesKt$flatMap$2                            : loaded 2 times (x 125B)
Class org.gradle.api.internal.classpath.EffectiveClassPath                            : loaded 2 times (x 90B)
Class com.android.builder.model.v2.models.AndroidDsl                                  : loaded 2 times (x 70B)
Class [Lorg.apache.commons.io.StandardLineSeparator;                                  : loaded 2 times (x 69B)
Class org.apache.commons.io.output.StringBuilderWriter                                : loaded 2 times (x 100B)
Class com.google.common.collect.ListMultimap                                          : loaded 2 times (x 70B)
Class com.google.common.collect.ImmutableEnumMap                                      : loaded 2 times (x 126B)
Class com.amazon.ion.impl.lite.IonSystemLite                                          : loaded 2 times (x 275B)
Class com.amazon.ion.util.InputStreamInterceptor                                      : loaded 2 times (x 70B)
Class com.amazon.ion.impl.bin.IonRawBinaryWriter$PreallocationMode                    : loaded 2 times (x 82B)
Class com.amazon.ion.impl.bin._Private_IonRawWriter                                   : loaded 2 times (x 70B)
Class com.amazon.ion.IonWriter                                                        : loaded 2 times (x 70B)
Class kotlin.text.StringsKt__AppendableKt                                             : loaded 2 times (x 71B)
Class com.google.common.collect.ImmutableRangeSet                                     : loaded 2 times (x 115B)
Class org.gradle.tooling.internal.gradle.DefaultProjectIdentifier                     : loaded 2 times (x 86B)
Class com.google.common.base.Splitter                                                 : loaded 2 times (x 72B)
Class com.google.common.collect.Sets$1                                                : loaded 2 times (x 139B)
Class org.objectweb.asm.AnnotationVisitor                                             : loaded 2 times (x 78B)
Class com.android.ide.common.gradle.Numeric                                           : loaded 2 times (x 77B)
Class com.google.gson.internal.bind.TypeAdapters                                      : loaded 2 times (x 71B)
Class com.google.gson.FormattingStyle                                                 : loaded 2 times (x 78B)
Class com.google.gson.FieldNamingPolicy                                               : loaded 2 times (x 83B)
Class com.amazon.ion.impl._Private_RecyclingQueue$ElementFactory                      : loaded 2 times (x 70B)
Class com.amazon.ion.impl._Private_IonContainer                                       : loaded 2 times (x 70B)
Class com.intellij.gradle.toolingExtension.impl.model.buildScriptClasspathModel.GradleBuildScriptClasspathSerializationService$ReadContext: loaded 2 times (x 72B)
Class com.google.common.collect.ComparatorOrdering                                    : loaded 2 times (x 115B)
Class org.gradle.api.internal.DefaultClassPathProvider                                : loaded 2 times (x 76B)
Class com.google.common.collect.Maps$ViewCachingAbstractMap                           : loaded 2 times (x 125B)
Class com.android.builder.model.v2.models.BasicAndroidProject                         : loaded 2 times (x 70B)
Class com.google.common.collect.Sets$2                                                : loaded 2 times (x 139B)
Class com.google.gson.JsonArray                                                       : loaded 2 times (x 100B)
Class com.google.gson.FieldNamingStrategy                                             : loaded 2 times (x 70B)
Class com.amazon.ion.impl._Private_RecyclingStack$$Iterator                           : loaded 2 times (x 99B)
Class com.amazon.ion.impl.SharedSymbolTable                                           : loaded 2 times (x 93B)
Class com.amazon.ion.impl.bin.IonRawBinaryWriter                                      : loaded 2 times (x 169B)
Class com.amazon.ion.SymbolToken                                                      : loaded 2 times (x 70B)
Class kotlin.text.StringsKt__StringNumberConversionsJVMKt                             : loaded 2 times (x 71B)
Class com.google.common.collect.NaturalOrdering                                       : loaded 2 times (x 115B)
Class kotlin.text.MatchResult                                                         : loaded 2 times (x 70B)
Class kotlin.sequences.SequenceScope                                                  : loaded 2 times (x 73B)
Class kotlin.sequences.Sequence                                                       : loaded 2 times (x 70B)
Class org.gradle.tooling.ToolingModelContract                                         : loaded 2 times (x 70B)
Class [Lorg.gradle.api.internal.ClassPathProvider;                                    : loaded 2 times (x 69B)
Class org.gradle.api.internal.ClassPathProvider                                       : loaded 2 times (x 70B)
Class com.google.common.base.AbstractIterator$State                                   : loaded 2 times (x 79B)
Class [Lorg.objectweb.asm.AnnotationVisitor;                                          : loaded 2 times (x 69B)
Class com.google.common.collect.Sets$3                                                : loaded 2 times (x 139B)
Class com.google.common.cache.LocalCache$LocalLoadingCache                            : loaded 2 times (x 134B)
Class com.amazon.ion.impl.lite.IonBoolLite                                            : loaded 2 times (x 178B)
Class kotlin.collections.CollectionsKt___CollectionsKt$asSequence$$inlined$Sequence$1 : loaded 2 times (x 75B)
Class org.gradle.internal.service.UnknownServiceException                             : loaded 2 times (x 83B)
Class com.google.common.collect.Sets$4                                                : loaded 2 times (x 139B)
Class org.objectweb.asm.ModuleVisitor                                                 : loaded 2 times (x 81B)
Class com.google.common.cache.LocalCache$Strength$1                                   : loaded 2 times (x 81B)
Class org.jetbrains.kotlin.idea.gradleTooling.model.kapt.KaptGradleModel              : loaded 2 times (x 70B)
Class org.jetbrains.kotlin.idea.gradleTooling.KotlinDslScriptAdditionalTask           : loaded 2 times (x 70B)
Class org.jetbrains.plugins.gradle.model.ClasspathEntryModel                          : loaded 2 times (x 70B)
Class ijJvmDebugger1_ec8srfcegv6bhqe6yuztoncih$_run_closure1$_closure2                : loaded 2 times (x 140B)
Class org.apache.commons.io.output.QueueOutputStream                                  : loaded 2 times (x 87B)
Class com.google.common.util.concurrent.SettableFuture                                : loaded 2 times (x 114B)
Class com.google.common.cache.LocalCache$Strength$2                                   : loaded 2 times (x 81B)
Class com.amazon.ion.IonTimestamp                                                     : loaded 2 times (x 70B)
Class com.amazon.ion.impl.bin.PooledBlockAllocatorProvider$PooledBlockAllocator       : loaded 2 times (x 81B)
Class org.jetbrains.plugins.gradle.tooling.serialization.GradleExtensionsSerializationService: loaded 2 times (x 77B)
Class org.gradle.api.JavaVersion                                                      : loaded 2 times (x 79B)
Class org.gradle.tooling.model.Dependency                                             : loaded 2 times (x 70B)
Class com.google.common.collect.TransformedIterator                                   : loaded 2 times (x 80B)
Class com.google.common.base.Splitter$1                                               : loaded 2 times (x 77B)
Class com.android.builder.model.v2.ide.AbstractArtifact                               : loaded 2 times (x 70B)
Class com.google.common.cache.LocalCache$Strength$3                                   : loaded 2 times (x 81B)
Class com.google.common.collect.MapDifference                                         : loaded 2 times (x 70B)
Class com.amazon.ion.IonDatagram                                                      : loaded 2 times (x 70B)
Class com.amazon.ion.impl._Private_RecyclingStack$ElementFactory                      : loaded 2 times (x 70B)
Class com.amazon.ion.impl.bin.IonManagedBinaryWriter$ImportedSymbolResolverMode$1$1   : loaded 2 times (x 78B)
Class com.amazon.ion.impl._Private_ByteTransferSink                                   : loaded 2 times (x 70B)
Class com.intellij.openapi.externalSystem.model.project.dependencies.ResolutionState  : loaded 2 times (x 79B)
Class kotlin.text.StringsKt__RegexExtensionsJVMKt                                     : loaded 2 times (x 71B)
Class com.google.common.collect.AllEqualOrdering                                      : loaded 2 times (x 114B)
Class kotlin.collections.ArraysKt___ArraysJvmKt                                       : loaded 2 times (x 71B)
Class kotlin.collections.CollectionsKt__CollectionsKt                                 : loaded 2 times (x 71B)
Class org.objectweb.asm.FieldWriter                                                   : loaded 2 times (x 78B)
Class com.google.common.cache.CacheBuilder$NullListener                               : loaded 2 times (x 82B)
Class com.google.gson.LongSerializationPolicy                                         : loaded 2 times (x 80B)
Class org.jetbrains.plugins.gradle.model.ExternalLibraryDependency                    : loaded 2 times (x 70B)
Class kotlin.text.Regex$Companion                                                     : loaded 2 times (x 71B)
Class org.gradle.internal.classpath.TransformedClassPath                              : loaded 2 times (x 96B)
Class org.gradle.internal.classloader.InstrumentingClassLoader                        : loaded 2 times (x 70B)
Class com.google.common.collect.ImmutableListMultimap                                 : loaded 2 times (x 176B)
Class org.apache.commons.io.output.UnsynchronizedByteArrayOutputStream                : loaded 2 times (x 102B)
Class com.google.common.cache.CacheLoader$FunctionToCacheLoader                       : loaded 2 times (x 75B)
Class org.gradle.tooling.internal.adapter.MethodInvocation                            : loaded 2 times (x 85B)
Class kotlin.sequences.TransformingSequence                                           : loaded 2 times (x 75B)
Class com.amazon.ion.IonValue                                                         : loaded 2 times (x 70B)
Class com.google.common.collect.ImmutableRangeSet$AsSet                               : loaded 2 times (x 300B)
Class kotlin.jvm.internal.FunctionReference                                           : loaded 2 times (x 122B)
Class [Lkotlin.coroutines.intrinsics.CoroutineSingletons;                             : loaded 2 times (x 69B)
Class kotlin.jvm.internal.FunctionBase                                                : loaded 2 times (x 70B)
Class kotlin.enums.EnumEntriesList                                                    : loaded 2 times (x 223B)
Class com.google.common.collect.EmptyImmutableListMultimap                            : loaded 2 times (x 176B)
Class com.google.common.collect.BaseImmutableMultimap                                 : loaded 2 times (x 123B)
Class org.apache.commons.io.output.ByteArrayOutputStream                              : loaded 2 times (x 102B)
Class com.intellij.util.ThrowableConsumer                                             : loaded 2 times (x 70B)
Class com.google.common.base.MoreObjects                                              : loaded 2 times (x 71B)
Class com.google.gson.internal.bind.DefaultDateTypeAdapter                            : loaded 2 times (x 74B)
Class com.google.gson.GsonBuilder                                                     : loaded 2 times (x 72B)
Class com.amazon.ion.impl.bin.IonRawBinaryWriter$ContainerType                        : loaded 2 times (x 79B)
Class com.amazon.ion.impl._Private_IonTextWriterBuilder$Mutable                       : loaded 2 times (x 102B)
Class kotlin.comparisons.ComparisonsKt___ComparisonsJvmKt                             : loaded 2 times (x 71B)
Class kotlin.collections.CollectionsKt__IteratorsJVMKt                                : loaded 2 times (x 71B)
Class com.android.builder.model.v2.ide.TestInfo$Execution                             : loaded 2 times (x 79B)
Class com.google.gson.internal.Primitives                                             : loaded 2 times (x 71B)
Class com.google.common.collect.Platform                                              : loaded 2 times (x 71B)
Class [Lorg.objectweb.asm.Type;                                                       : loaded 2 times (x 69B)
Class com.google.gson.stream.JsonWriter                                               : loaded 2 times (x 98B)
Class com.google.gson.TypeAdapterFactory                                              : loaded 2 times (x 70B)
Class org.jetbrains.kotlin.idea.gradleTooling.KotlinSourceSetContainer                : loaded 2 times (x 70B)
Class org.jetbrains.plugins.gradle.model.IntelliJSettings                             : loaded 2 times (x 70B)
Class kotlin.Result                                                                   : loaded 2 times (x 72B)
Class org.gradle.internal.service.ServiceLocator                                      : loaded 2 times (x 70B)
Class com.google.gson.internal.bind.JsonTreeReader                                    : loaded 2 times (x 98B)
Class org.apache.commons.io.FileExistsException                                       : loaded 2 times (x 82B)
Class com.google.common.base.Ascii                                                    : loaded 2 times (x 71B)
Class com.google.common.collect.SingletonImmutableBiMap                               : loaded 2 times (x 143B)
Class com.google.common.cache.LocalCache$1                                            : loaded 2 times (x 89B)
Class com.google.gson.internal.bind.TypeAdapterRuntimeTypeWrapper                     : loaded 2 times (x 74B)
Class com.google.gson.internal.bind.TypeAdapters$30                                   : loaded 2 times (x 76B)
Class com.google.common.collect.AbstractMapEntry                                      : loaded 2 times (x 81B)
Class com.amazon.ion.impl.IonWriterSystem                                             : loaded 2 times (x 171B)
Class com.amazon.ion.impl.bin.Symbols$2                                               : loaded 2 times (x 107B)
Class com.amazon.ion.impl.bin._Private_IonManagedWriter                               : loaded 2 times (x 70B)
Class com.android.ide.gradle.model.GradlePropertiesModel                              : loaded 2 times (x 70B)
Class kotlin.sequences.TransformingSequence$iterator$1                                : loaded 2 times (x 79B)
Class kotlin.Pair                                                                     : loaded 2 times (x 72B)
Class org.gradle.tooling.internal.adapter.ProtocolToModelAdapter$SupportedPropertyInvoker: loaded 2 times (x 76B)
Class org.gradle.tooling.model.UnsupportedMethodException                             : loaded 2 times (x 82B)
Class com.android.builder.model.v2.ide.BytecodeTransformation                         : loaded 2 times (x 79B)
Class com.google.common.collect.Sets$ImprovedAbstractSet                              : loaded 2 times (x 135B)
Class org.objectweb.asm.ClassVisitor                                                  : loaded 2 times (x 88B)
Class com.google.common.collect.AbstractMultimap                                      : loaded 2 times (x 123B)
Class com.google.common.cache.LocalCache$2                                            : loaded 2 times (x 142B)
Class com.amazon.ion.impl.lite.IonContainerLite                                       : loaded 2 times (x 248B)
Class com.amazon.ion.IonBufferConfiguration$OversizedSymbolTableHandler               : loaded 2 times (x 70B)
Class com.amazon.ion.system.IonWriterBuilder                                          : loaded 2 times (x 74B)
Class org.jetbrains.plugins.gradle.tooling.serialization.ToolingStreamApiUtils        : loaded 2 times (x 71B)
Class com.amazon.ion.facet.Faceted                                                    : loaded 2 times (x 70B)
Class kotlin.collections.CollectionsKt__MutableCollectionsKt                          : loaded 2 times (x 71B)
Class com.android.builder.model.v2.ide.CodeShrinker                                   : loaded 2 times (x 79B)
Class com.google.gson.internal.bind.MapTypeAdapterFactory$Adapter                     : loaded 2 times (x 74B)
Class com.google.gson.internal.sql.SqlTimeTypeAdapter$1                               : loaded 2 times (x 75B)
Class [Lorg.objectweb.asm.Symbol;                                                     : loaded 2 times (x 69B)
Class com.amazon.ion.impl.bin.utf8.Poolable                                           : loaded 2 times (x 79B)
Class com.amazon.ion.IonSymbol                                                        : loaded 2 times (x 70B)
Class org.jetbrains.plugins.gradle.tooling.serialization.AnnotationProcessingModelSerializationService$WriteContext: loaded 2 times (x 72B)
Class kotlin.io.TerminateException                                                    : loaded 2 times (x 82B)
Class kotlin.io.FilesKt__FilePathComponentsKt                                         : loaded 2 times (x 71B)
Class com.google.common.collect.ImmutableRangeSet$1                                   : loaded 2 times (x 210B)
Class kotlin.reflect.KCallable                                                        : loaded 2 times (x 70B)
Class com.google.common.util.concurrent.AbstractFuture$Trusted                        : loaded 2 times (x 70B)
Class com.android.utils.FileUtils                                                     : loaded 2 times (x 71B)
Class com.intellij.gradle.toolingExtension.impl.util.collectionUtil.GradleCollections : loaded 2 times (x 71B)
Class org.jetbrains.kotlin.idea.gradleTooling.KotlinGradlePluginVersion               : loaded 2 times (x 70B)
Class com.amazon.ion.impl.lite.IonStructLite                                          : loaded 2 times (x 298B)
Class com.amazon.ion.impl._Private_ReaderWriter                                       : loaded 2 times (x 70B)
Class com.amazon.ion.impl.bin.AbstractSymbolTable                                     : loaded 2 times (x 107B)
Class com.amazon.ion.Decimal                                                          : loaded 2 times (x 133B)
Class com.amazon.ion.impl.bin._Private_IonManagedBinaryWriterBuilder$AllocatorMode$1  : loaded 2 times (x 80B)
Class com.intellij.compose.ide.plugin.gradleTooling.rt.ComposeResourcesModel          : loaded 2 times (x 70B)
Class org.jetbrains.plugins.gradle.tooling.serialization.ProjectDependenciesSerializationService$WriteContext: loaded 2 times (x 72B)
Class org.jetbrains.plugins.gradle.tooling.serialization.ProjectDependenciesSerializationService: loaded 2 times (x 77B)
Class kotlin.text.CharsKt                                                             : loaded 2 times (x 71B)
Class com.google.common.collect.Range                                                 : loaded 2 times (x 86B)
Class org.gradle.tooling.model.kotlin.dsl.KotlinDslScriptModel                        : loaded 2 times (x 70B)
Class org.gradle.tooling.internal.adapter.CollectionMapper                            : loaded 2 times (x 73B)
Class com.google.common.io.ByteSink$AsCharSink                                        : loaded 2 times (x 80B)
Class org.jetbrains.kotlin.tooling.core.KotlinToolingVersion                          : loaded 2 times (x 75B)
Class [Lcom.android.builder.model.v2.ide.LibraryType;                                 : loaded 2 times (x 69B)
Class com.android.builder.model.v2.ide.LibraryType                                    : loaded 2 times (x 79B)
Class com.android.builder.model.v2.ide.AaptOptions$Namespacing                        : loaded 2 times (x 79B)
Class com.google.common.util.concurrent.UncheckedExecutionException                   : loaded 2 times (x 82B)
Class com.google.gson.internal.bind.DefaultDateTypeAdapter$DateType                   : loaded 2 times (x 73B)
Class org.gradle.kotlin.dsl.VersionCatalogAccessorsKt                                 : loaded 2 times (x 71B)
Class com.amazon.ion.impl.lite.IonFloatLite                                           : loaded 2 times (x 186B)
Class com.amazon.ion.impl._Private_IonTextWriterBuilder                               : loaded 2 times (x 102B)
Class com.amazon.ion.impl.bin._Private_IonManagedBinaryWriterBuilder$AllocatorMode$2  : loaded 2 times (x 80B)
Class com.google.common.collect.ExplicitOrdering                                      : loaded 2 times (x 115B)
Class com.google.gson.internal.bind.ReflectiveTypeAdapterFactory$1                    : loaded 2 times (x 74B)
Class org.jetbrains.plugins.gradle.ExternalDependencyId                               : loaded 2 times (x 70B)
Class com.amazon.ion.impl._Private_RecyclingStack                                     : loaded 2 times (x 79B)
Class com.amazon.ion.impl._Private_IonReaderBuilder                                   : loaded 2 times (x 97B)
Class com.amazon.ion.IonMutableCatalog                                                : loaded 2 times (x 70B)
Class gnu.trove.THash                                                                 : loaded 2 times (x 81B)
Class com.intellij.gradle.toolingExtension.impl.model.buildScriptClasspathModel.GradleBuildScriptClasspathSerializationService$WriteContext: loaded 2 times (x 72B)
Class org.gradle.tooling.internal.adapter.ProtocolToModelAdapter                      : loaded 2 times (x 80B)
Class com.android.builder.model.v2.ide.AndroidGradlePluginProjectFlags$BooleanFlag    : loaded 2 times (x 79B)
Class com.google.common.collect.AbstractMapBasedMultimap$KeySet$1                     : loaded 2 times (x 82B)
Class org.objectweb.asm.ClassWriter                                                   : loaded 2 times (x 106B)
Class com.android.ide.common.gradle.Separator                                         : loaded 2 times (x 79B)
Class com.google.common.cache.CacheLoader$UnsupportedLoadingOperationException        : loaded 2 times (x 82B)
Class com.google.common.collect.TransformedListIterator                               : loaded 2 times (x 93B)
Class com.google.gson.internal.bind.ReflectiveTypeAdapterFactory$2                    : loaded 2 times (x 79B)
Class kotlin.collections.MapsKt__MapsJVMKt                                            : loaded 2 times (x 71B)
Class kotlin.collections.EmptyList                                                    : loaded 2 times (x 174B)
Class org.gradle.internal.time.DefaultTimer                                           : loaded 2 times (x 80B)
Class org.gradle.internal.classloader.ClasspathUtil$1                                 : loaded 2 times (x 76B)
Class org.gradle.tooling.internal.adapter.TargetTypeProvider                          : loaded 2 times (x 70B)
Class org.objectweb.asm.FieldVisitor                                                  : loaded 2 times (x 77B)
Class com.google.gson.ToNumberStrategy                                                : loaded 2 times (x 70B)
Class com.google.gson.TypeAdapter                                                     : loaded 2 times (x 73B)
Class com.google.common.collect.IndexedImmutableSet                                   : loaded 2 times (x 152B)
Class com.google.common.collect.ImmutableMap$1                                        : loaded 2 times (x 81B)
Class com.google.common.collect.BiMap                                                 : loaded 2 times (x 70B)
Class com.amazon.ion.impl.bin.PooledBlockAllocatorProvider$PooledBlockAllocator$1     : loaded 2 times (x 79B)
Class com.amazon.ion.impl.lite.IonStringLite                                          : loaded 2 times (x 212B)
Class org.gradle.tooling.internal.adapter.ProtocolToModelAdapter$ViewKey              : loaded 2 times (x 72B)
Class org.gradle.api.internal.classpath.DefaultModuleRegistry$DefaultModule           : loaded 2 times (x 86B)
Class com.android.builder.model.v2.CustomSourceDirectory                              : loaded 2 times (x 70B)
Class com.google.common.primitives.Ints                                               : loaded 2 times (x 71B)
Class kotlin.ranges.IntProgression$Companion                                          : loaded 2 times (x 71B)
Class com.android.ide.common.repository.AgpVersion                                    : loaded 2 times (x 75B)
Class com.amazon.ion.impl.bin.Block                                                   : loaded 2 times (x 79B)
Class com.google.common.collect.NullsFirstOrdering                                    : loaded 2 times (x 115B)
Class kotlin.ResultKt                                                                 : loaded 2 times (x 71B)
Class org.gradle.tooling.internal.adapter.ProtocolToModelAdapter$PropertyCachingMethodInvoker: loaded 2 times (x 76B)
Class ijKotlinCoroutineJvmDebugInit1_3x76rrlefje3juob58y6neet6$_run_closure1$_closure2: loaded 2 times (x 139B)
Class com.android.builder.model.v2.models.ProjectSyncIssues                           : loaded 2 times (x 70B)
Class com.google.common.collect.ObjectArrays                                          : loaded 2 times (x 71B)
Class com.google.common.math.MathPreconditions                                        : loaded 2 times (x 71B)
Class com.google.common.collect.Multiset                                              : loaded 2 times (x 70B)
Class com.google.common.collect.ArrayListMultimapGwtSerializationDependencies         : loaded 2 times (x 172B)
Class org.jetbrains.plugins.gradle.model.GradleExtensions                             : loaded 2 times (x 70B)
Class com.intellij.openapi.externalSystem.model.ExternalSystemException               : loaded 2 times (x 86B)
Class org.jetbrains.plugins.gradle.model.ExternalTask                                 : loaded 2 times (x 70B)
Class com.amazon.ion.impl.bin.utf8.Utf8StringEncoderPool$1                            : loaded 2 times (x 76B)
Class com.amazon.ion.impl.lite.IonLoaderLite                                          : loaded 2 times (x 82B)
Class com.amazon.ion.impl.lite.IonContext                                             : loaded 2 times (x 70B)
Class com.amazon.ion.impl.IonWriterSystemText                                         : loaded 2 times (x 190B)
Class [Lcom.amazon.ion.impl.bin.IonManagedBinaryWriter$ImportedSymbolResolverMode;    : loaded 2 times (x 69B)
Class com.amazon.ion.ValueFactory                                                     : loaded 2 times (x 70B)
Class kotlin.Result$Failure                                                           : loaded 2 times (x 72B)
Class kotlin.collections.ArraysKt__ArraysKt                                           : loaded 2 times (x 71B)
Class org.gradle.internal.time.DefaultCountdownTimer                                  : loaded 2 times (x 88B)
Class org.apache.commons.io.output.NullOutputStream                                   : loaded 2 times (x 85B)
Class com.google.gson.internal.ObjectConstructor                                      : loaded 2 times (x 70B)
Class com.google.common.collect.ImmutableMapEntrySet                                  : loaded 2 times (x 152B)
Class com.amazon.ion.impl.bin.IonManagedBinaryWriter$SymbolResolver                   : loaded 2 times (x 70B)
Class com.amazon.ion.impl._Private_SymbolToken                                        : loaded 2 times (x 70B)
Class com.amazon.ion.impl.bin._Private_IonManagedBinaryWriterBuilder$AllocatorMode    : loaded 2 times (x 80B)
Class org.jetbrains.plugins.gradle.model.GradleTaskModel                              : loaded 2 times (x 70B)
Class org.jetbrains.plugins.gradle.tooling.util.ObjectCollector                       : loaded 2 times (x 72B)
Class kotlin.collections.SetsKt__SetsJVMKt                                            : loaded 2 times (x 71B)
Class kotlin.Function                                                                 : loaded 2 times (x 70B)
Class org.gradle.tooling.internal.adapter.ProtocolToModelAdapter$AdaptingMethodInvoker: loaded 2 times (x 76B)
Class org.gradle.tooling.internal.gradle.DefaultBuildIdentifier                       : loaded 2 times (x 79B)
Class org.gradle.api.internal.classpath.Module                                        : loaded 2 times (x 70B)
Class com.google.common.cache.Weigher                                                 : loaded 2 times (x 70B)
Class [Lcom.amazon.ion.util.GzipStreamInterceptor;                                    : loaded 2 times (x 69B)
Class com.amazon.ion.impl._Private_IonReaderBuilder$Mutable                           : loaded 2 times (x 97B)
Class com.intellij.openapi.externalSystem.model.project.IExternalSystemSourceType     : loaded 2 times (x 70B)
Class kotlin.io.FileAlreadyExistsException                                            : loaded 2 times (x 82B)
Class kotlin.internal.ProgressionUtilKt                                               : loaded 2 times (x 71B)
Class org.gradle.api.internal.classpath.UnknownModuleException                        : loaded 2 times (x 82B)
Class com.google.common.base.Stopwatch                                                : loaded 2 times (x 72B)
Class com.google.common.cache.LocalCache$Strength                                     : loaded 2 times (x 81B)
Class com.google.common.cache.Cache                                                   : loaded 2 times (x 70B)
Class com.intellij.openapi.externalSystem.model.project.dependencies.ProjectDependencies: loaded 2 times (x 70B)
Class org.jetbrains.plugins.gradle.tooling.serialization.ProjectDependenciesSerializationService$ReadContext: loaded 2 times (x 72B)
Class org.apache.commons.io.filefilter.IOFileFilter                                   : loaded 2 times (x 70B)
Class com.google.common.base.NullnessCasts                                            : loaded 2 times (x 71B)
Class com.google.common.util.concurrent.AbstractFuture$Cancellation                   : loaded 2 times (x 72B)
Class com.google.common.collect.ImmutableMap$Builder                                  : loaded 2 times (x 82B)
Class com.google.common.collect.AbstractMapBasedMultimap$WrappedCollection$WrappedIterator: loaded 2 times (x 84B)
Class com.google.common.cache.RemovalListener                                         : loaded 2 times (x 70B)
Class [Lcom.google.gson.ToNumberPolicy;                                               : loaded 2 times (x 69B)
Class com.google.gson.ToNumberPolicy                                                  : loaded 2 times (x 83B)
Class com.amazon.ion.IonBufferConfiguration                                           : loaded 2 times (x 73B)
Class com.amazon.ion.impl.bin.Symbols                                                 : loaded 2 times (x 71B)
Class org.jetbrains.plugins.gradle.tooling.serialization.RepositoriesModelSerializationService: loaded 2 times (x 82B)
Class com.android.ide.gradle.model.artifacts.AdditionalClassifierArtifactsModel       : loaded 2 times (x 70B)
Class org.gradle.tooling.internal.gradle.GradleProjectIdentity                        : loaded 2 times (x 70B)
Class org.gradle.api.internal.DefaultClassPathRegistry                                : loaded 2 times (x 76B)
Class com.google.common.collect.ImmutableMultimap$Keys                                : loaded 2 times (x 166B)
Class com.android.builder.model.v2.ide.JavaArtifact                                   : loaded 2 times (x 70B)
Class com.google.common.primitives.IntsMethodsForWeb                                  : loaded 2 times (x 71B)
Class org.jetbrains.plugins.gradle.model.AnnotationProcessingModel                    : loaded 2 times (x 70B)
Class [Lcom.amazon.ion.impl.bin.AbstractIonWriter$WriteValueOptimization;             : loaded 2 times (x 69B)
Class org.jetbrains.plugins.gradle.tooling.serialization.RepositoriesModelSerializationService$ReadContext: loaded 2 times (x 72B)
Class kotlin.ranges.ClosedRange                                                       : loaded 2 times (x 70B)
Class org.gradle.api.internal.ClassPathRegistry                                       : loaded 2 times (x 70B)
Class org.gradle.internal.classpath.DefaultClassPath$ImmutableUniqueList              : loaded 2 times (x 199B)
Class com.amazon.ion.system.IonBinaryWriterBuilder                                    : loaded 2 times (x 99B)
Class org.apache.commons.io.IOUtils                                                   : loaded 2 times (x 71B)
Class com.amazon.ion.impl.bin.IonManagedBinaryWriter$UserState                        : loaded 2 times (x 85B)
Class com.amazon.ion.impl._Private_IonWriter                                          : loaded 2 times (x 70B)
Class com.amazon.ion.impl.bin._Private_IonManagedBinaryWriterBuilder                  : loaded 2 times (x 72B)
Class com.intellij.gradle.toolingExtension.impl.model.projectModel.GradleExternalProjectSerializationService$WriteContext: loaded 2 times (x 73B)
Class kotlin.text.StringsKt__StringsJVMKt                                             : loaded 2 times (x 71B)
Class kotlin.collections.IntIterator                                                  : loaded 2 times (x 82B)
Class com.google.common.collect.NullnessCasts                                         : loaded 2 times (x 71B)
Class com.amazon.ion.impl.bin.IonManagedBinaryWriter$UserState$4                      : loaded 2 times (x 85B)
Class com.google.common.io.ByteSink                                                   : loaded 2 times (x 76B)
Class com.android.builder.model.v2.dsl.SigningConfig                                  : loaded 2 times (x 70B)
Class com.android.builder.model.v2.models.AndroidProject                              : loaded 2 times (x 70B)
Class com.android.builder.model.v2.AndroidModel                                       : loaded 2 times (x 70B)
Class com.google.common.cache.CacheBuilder                                            : loaded 2 times (x 72B)
Class com.google.gson.internal.bind.ArrayTypeAdapter$1                                : loaded 2 times (x 75B)
Class com.google.gson.internal.bind.JsonTreeWriter                                    : loaded 2 times (x 98B)
Class org.jetbrains.plugins.gradle.model.UnresolvedExternalDependency                 : loaded 2 times (x 70B)
Class Settings_gradle$1                                                               : loaded 2 times (x 74B)
Class [Lcom.amazon.ion.SymbolToken;                                                   : loaded 2 times (x 69B)
Class kotlin.text.StringsKt__IndentKt                                                 : loaded 2 times (x 71B)
Class kotlin.collections.SetsKt                                                       : loaded 2 times (x 71B)
Class org.gradle.internal.classpath.ClassPath                                         : loaded 2 times (x 70B)
Class ijKotlinCoroutineJvmDebugInit1_3x76rrlefje3juob58y6neet6                        : loaded 2 times (x 171B)
Class com.google.common.io.Files$FileByteSource                                       : loaded 2 times (x 85B)
Class com.google.common.base.JdkPattern                                               : loaded 2 times (x 75B)
Class com.google.common.collect.ImmutableMap$MapViewOfValuesAsSingletonSets           : loaded 2 times (x 126B)
Class org.jetbrains.plugins.gradle.model.ExternalProjectDependency                    : loaded 2 times (x 70B)
Class org.jetbrains.plugins.gradle.tooling.serialization.KotlinDslScriptsModelSerializationService: loaded 2 times (x 81B)
Class kotlin.reflect.KFunction                                                        : loaded 2 times (x 70B)
Class kotlin.collections.ArrayDeque                                                   : loaded 2 times (x 207B)
Class org.objectweb.asm.SymbolTable$Entry                                             : loaded 2 times (x 74B)
Class com.amazon.ion.system.IonSystemBuilder$Mutable                                  : loaded 2 times (x 75B)
Class com.amazon.ion.impl.bin.IonManagedBinaryWriter$SymbolResolverBuilder            : loaded 2 times (x 70B)
Class org.jetbrains.kotlin.idea.gradleTooling.KotlinGradleModel                       : loaded 2 times (x 70B)
Class org.jetbrains.plugins.gradle.tooling.serialization.ExternalTestsSerializationService$WriteContext: loaded 2 times (x 72B)
Class ijInit1_8dq7ir35k7rzh8us40umzfeaw$_run_closure1                                 : loaded 2 times (x 140B)
Class kotlin.collections.MapsKt__MapsKt                                               : loaded 2 times (x 71B)
Class com.android.builder.model.v2.ide.Variant                                        : loaded 2 times (x 70B)
Class org.objectweb.asm.Edge                                                          : loaded 2 times (x 72B)
Class com.google.common.base.Suppliers$SupplierOfInstance                             : loaded 2 times (x 79B)
Class com.google.gson.internal.bind.ReflectiveTypeAdapterFactory                      : loaded 2 times (x 75B)
Class com.google.gson.internal.sql.SqlTimestampTypeAdapter                            : loaded 2 times (x 76B)
Class com.google.common.collect.RegularImmutableMap                                   : loaded 2 times (x 121B)
Class com.amazon.ion.impl._Private_RecyclingStack$Recycler                            : loaded 2 times (x 70B)
Class com.amazon.ion.impl.bin.IonManagedBinaryWriter$LocalSymbolTableView             : loaded 2 times (x 107B)
Class com.amazon.ion.impl.bin.IonRawBinaryWriter$ThrowingRunnable                     : loaded 2 times (x 70B)
Class org.gradle.tooling.model.Model                                                  : loaded 2 times (x 70B)
Class com.google.common.cache.LocalCache$ComputingValueReference                      : loaded 2 times (x 96B)
Class com.google.gson.internal.sql.SqlDateTypeAdapter$1                               : loaded 2 times (x 75B)
Class com.google.gson.stream.MalformedJsonException                                   : loaded 2 times (x 82B)
Class com.google.common.collect.ImmutableMap$IteratorBasedImmutableMap                : loaded 2 times (x 126B)
Class com.amazon.ion.UnknownSymbolException                                           : loaded 2 times (x 86B)
Class com.android.ide.gradle.model.composites.BuildMap                                : loaded 2 times (x 70B)
Class kotlin.text.MatchResult$Destructured                                            : loaded 2 times (x 72B)
Class kotlin.Metadata                                                                 : loaded 2 times (x 70B)
Class kotlin.UninitializedPropertyAccessException                                     : loaded 2 times (x 82B)
Class com.android.builder.model.v2.ide.Library                                        : loaded 2 times (x 70B)
Class com.android.builder.model.v2.ide.ArtifactDependenciesAdjacencyList              : loaded 2 times (x 70B)
Class com.android.builder.model.v2.models.Versions                                    : loaded 2 times (x 70B)
Class com.google.common.cache.LocalCache$Segment                                      : loaded 2 times (x 154B)
Class org.jetbrains.plugins.gradle.model.IntelliJProjectSettings                      : loaded 2 times (x 70B)
Class org.gradle.tooling.internal.adapter.ProtocolToModelAdapter$MethodInvocationCache: loaded 2 times (x 73B)
Class com.android.builder.model.v2.models.ndk.NativeModule                            : loaded 2 times (x 70B)
Class com.google.common.collect.AbstractListMultimap                                  : loaded 2 times (x 172B)
Class [Lorg.objectweb.asm.SymbolTable$Entry;                                          : loaded 2 times (x 69B)
Class com.google.common.cache.CacheLoader                                             : loaded 2 times (x 74B)
Class com.google.gson.internal.bind.ReflectiveTypeAdapterFactory$Adapter              : loaded 2 times (x 77B)
Class com.google.gson.internal.bind.TypeAdapters$10                                   : loaded 2 times (x 75B)
Class com.android.builder.model.v2.ide.AndroidArtifact                                : loaded 2 times (x 70B)
Class com.google.common.collect.ImmutableBiMap                                        : loaded 2 times (x 143B)
Class org.jetbrains.plugins.gradle.model.ExternalDependency                           : loaded 2 times (x 70B)
Class com.intellij.util.containers.IntObjectHashMap                                   : loaded 2 times (x 72B)
Class com.google.common.collect.SortedIterable                                        : loaded 2 times (x 70B)
Class org.gradle.api.internal.classpath.ModuleRegistry                                : loaded 2 times (x 70B)
Class org.gradle.internal.installation.GradleInstallation$1                           : loaded 2 times (x 75B)
Class com.google.common.base.Splitter$SplittingIterator                               : loaded 2 times (x 84B)
Class org.apache.commons.io.output.NullWriter                                         : loaded 2 times (x 99B)
Class com.google.common.collect.ImmutableSet$JdkBackedSetBuilderImpl                  : loaded 2 times (x 76B)
Class com.google.common.util.concurrent.internal.InternalFutureFailureAccess          : loaded 2 times (x 72B)
Class com.google.gson.internal.bind.TypeAdapters$11                                   : loaded 2 times (x 75B)
Class [Lcom.google.gson.FieldNamingPolicy;                                            : loaded 2 times (x 69B)
Class org.gradle.api.internal.classpath.ManifestUtil                                  : loaded 2 times (x 71B)
Class com.android.ide.common.repository.AgpVersion$PreviewKind$Companion              : loaded 2 times (x 71B)
Class com.amazon.ion.impl.bin.IonManagedBinaryWriter$SymbolState$1                    : loaded 2 times (x 80B)
Class com.amazon.ion.impl.LocalSymbolTableAsStruct$Factory                            : loaded 2 times (x 79B)
Class [Lcom.amazon.ion.IonType;                                                       : loaded 2 times (x 69B)
Class org.jetbrains.plugins.gradle.model.VersionCatalogsModel                         : loaded 2 times (x 70B)
Class com.intellij.gradle.toolingExtension.impl.model.sourceSetDependencyModel.GradleSourceSetDependencySerialisationService$SourceSetDependencyModelReadContext: loaded 2 times (x 72B)
Class com.intellij.gradle.toolingExtension.impl.model.dependencyModel.DependencyReadContext: loaded 2 times (x 72B)
Class org.gradle.tooling.internal.adapter.ObjectGraphAdapter                          : loaded 2 times (x 70B)
Class com.google.common.collect.ImmutableMultimap$Values                              : loaded 2 times (x 126B)
Class com.android.builder.model.v2.ide.Installation                                   : loaded 2 times (x 70B)
Class com.google.common.cache.LocalCache$LocalManualCache$1                           : loaded 2 times (x 75B)
Class org.gradle.tooling.internal.adapter.ProtocolToModelAdapter$InvocationHandlerImpl: loaded 2 times (x 77B)
Class com.google.gson.internal.bind.TypeAdapters$12                                   : loaded 2 times (x 75B)
Class [Lcom.google.gson.ToNumberStrategy;                                             : loaded 2 times (x 69B)
Class org.jetbrains.plugins.gradle.model.ProjectImportModelProvider                   : loaded 2 times (x 70B)
Class org.jetbrains.plugins.gradle.model.ExternalSourceSet                            : loaded 2 times (x 70B)
Class com.amazon.ion.impl.bin.IonManagedBinaryWriter$SymbolState$2                    : loaded 2 times (x 80B)
Class com.amazon.ion.IonNull                                                          : loaded 2 times (x 70B)
Class com.intellij.gradle.toolingExtension.impl.model.warmUp.GradleTaskWarmUpRequest  : loaded 2 times (x 70B)
Class com.google.common.collect.ImmutableSortedAsList                                 : loaded 2 times (x 221B)
Class kotlin.text.RegexKt                                                             : loaded 2 times (x 71B)
Class kotlin.coroutines.intrinsics.IntrinsicsKt__IntrinsicsKt                         : loaded 2 times (x 71B)
Class com.android.builder.model.v2.models.ModelBuilderParameter                       : loaded 2 times (x 70B)
Class org.gradle.tooling.model.build.GradleEnvironment                                : loaded 2 times (x 70B)
Class com.google.gson.internal.bind.TypeAdapters$13                                   : loaded 2 times (x 75B)
Class org.jetbrains.plugins.gradle.tooling.util.IntObjectMap$ObjectFactory            : loaded 2 times (x 70B)
Class com.amazon.ion.impl.bin.IonRawBinaryWriter$ContainerInfo                        : loaded 2 times (x 74B)
Class com.amazon.ion.impl.bin.IonManagedBinaryWriter$SymbolState$3                    : loaded 2 times (x 80B)
Class com.amazon.ion.impl.bin.IonRawBinaryWriter$StreamFlushMode                      : loaded 2 times (x 79B)
Class com.amazon.ion.IonBinaryWriter                                                  : loaded 2 times (x 70B)
Class com.intellij.gradle.toolingExtension.impl.model.sourceSetArtifactIndex.GradleSourceSetArtifactBuildRequest: loaded 2 times (x 70B)
Class sync_studio_tooling_9y7nuhu1qmzq8otcewpkqj6kd$_run_closure1                     : loaded 2 times (x 139B)
Class kotlin.io.FilesKt__UtilsKt                                                      : loaded 2 times (x 71B)
Class com.google.common.collect.Lists$TransformingRandomAccessList                    : loaded 2 times (x 199B)
Class kotlin.collections.CollectionsKt__CollectionsJVMKt                              : loaded 2 times (x 71B)
Class org.gradle.api.internal.classpath.DefaultModuleRegistry                         : loaded 2 times (x 86B)
Class com.amazon.ion.IonException                                                     : loaded 2 times (x 84B)
Class com.google.common.util.concurrent.ListenableFuture                              : loaded 2 times (x 70B)
Class com.google.common.cache.ReferenceEntry                                          : loaded 2 times (x 70B)
Class com.google.gson.internal.bind.NumberTypeAdapter$1                               : loaded 2 times (x 76B)
Class com.google.gson.internal.bind.TypeAdapters$1                                    : loaded 2 times (x 75B)
Class com.google.gson.internal.bind.TypeAdapters$14                                   : loaded 2 times (x 75B)
Class com.google.common.base.Converter                                                : loaded 2 times (x 90B)
Class com.amazon.ion.util.GzipStreamInterceptor                                       : loaded 2 times (x 85B)
Class com.amazon.ion.impl.bin.IonManagedBinaryWriter$SymbolState$4                    : loaded 2 times (x 80B)
Class [Lcom.amazon.ion.util.InputStreamInterceptor;                                   : loaded 2 times (x 69B)
Class org.jetbrains.plugins.gradle.tooling.serialization.internal.IdeaProjectSerializationService$WriteContext$1: loaded 2 times (x 83B)
Class org.jetbrains.plugins.gradle.model.ExternalProject                              : loaded 2 times (x 70B)
Class kotlin.sequences.SequencesKt                                                    : loaded 2 times (x 71B)
Class kotlin.collections.CollectionsKt__IteratorsKt                                   : loaded 2 times (x 71B)
Class [Lcom.android.builder.model.v2.ide.CodeShrinker;                                : loaded 2 times (x 69B)
Class com.google.common.collect.AbstractMapBasedMultimap                              : loaded 2 times (x 139B)
Class com.google.common.util.concurrent.AbstractFuture                                : loaded 2 times (x 106B)
Class com.google.common.base.FunctionalEquivalence                                    : loaded 2 times (x 83B)
Class com.google.gson.Strictness                                                      : loaded 2 times (x 79B)
Class com.google.gson.internal.sql.SqlTypesSupport$1                                  : loaded 2 times (x 74B)
Class com.google.gson.internal.bind.TypeAdapters$2                                    : loaded 2 times (x 75B)
Class com.google.gson.internal.bind.TypeAdapters$15                                   : loaded 2 times (x 75B)
Class com.amazon.ion.impl.bin.IonManagedBinaryWriter$UserState$3                      : loaded 2 times (x 85B)
Class com.google.gson.JsonObject                                                      : loaded 2 times (x 93B)
Class com.amazon.ion.impl.bin.utf8.Pool                                               : loaded 2 times (x 74B)
Class com.amazon.ion.impl._Private_SymtabExtendsCache                                 : loaded 2 times (x 72B)
Class org.jetbrains.plugins.gradle.tooling.serialization.internal.IdeaProjectSerializationService$WriteContext$2: loaded 2 times (x 83B)
Class kotlin.text.StringsKt                                                           : loaded 2 times (x 71B)
Class com.google.common.collect.ImmutableMultiset                                     : loaded 2 times (x 163B)
Class org.objectweb.asm.RecordComponentVisitor                                        : loaded 2 times (x 77B)
Class com.google.common.cache.CacheLoader$SupplierToCacheLoader                       : loaded 2 times (x 75B)
Class com.google.gson.internal.sql.SqlTypesSupport$2                                  : loaded 2 times (x 74B)
Class com.google.gson.internal.bind.TypeAdapters$16                                   : loaded 2 times (x 75B)
Class com.google.gson.internal.bind.TypeAdapters$3                                    : loaded 2 times (x 75B)
Class com.amazon.ion.impl._Private_IonSymbol                                          : loaded 2 times (x 70B)
Class com.amazon.ion.impl.lite.IonValueLite                                           : loaded 2 times (x 147B)
Class com.amazon.ion.IonContainer                                                     : loaded 2 times (x 70B)
Class com.amazon.ion.impl.bin.PooledBlockAllocatorProvider                            : loaded 2 times (x 73B)
Class org.jetbrains.plugins.gradle.tooling.serialization.AnnotationProcessingModelSerializationService$ReadContext: loaded 2 times (x 72B)
Class org.jetbrains.plugins.gradle.tooling.serialization.internal.IdeaProjectSerializationService$WriteContext$3: loaded 2 times (x 83B)
Class gnu.trove.TObjectHash$NULL                                                      : loaded 2 times (x 71B)
Class org.gradle.util.internal.DefaultGradleVersion$Stage                             : loaded 2 times (x 75B)
Class kotlin.coroutines.jvm.internal.RestrictedContinuationImpl                       : loaded 2 times (x 87B)
Class com.google.gson.internal.bind.TypeAdapters$17                                   : loaded 2 times (x 75B)
Class com.google.gson.internal.bind.TypeAdapters$4                                    : loaded 2 times (x 75B)
Class com.google.common.collect.Maps$EntryTransformer                                 : loaded 2 times (x 70B)
Class org.jetbrains.kotlin.idea.gradleTooling.AndroidAwareGradleModelProvider         : loaded 2 times (x 79B)
Class org.jetbrains.plugins.gradle.tooling.serialization.internal.IdeaProjectSerializationService$WriteContext$4: loaded 2 times (x 83B)
Class com.intellij.gradle.toolingExtension.impl.model.sourceSetDependencyModel.GradleSourceSetDependencySerialisationService$Companion: loaded 2 times (x 71B)
Class [Lkotlin.Pair;                                                                  : loaded 2 times (x 69B)
Class kotlin.text.StringsKt__StringNumberConversionsKt                                : loaded 2 times (x 71B)
Class kotlin.io.FilesKt__FileReadWriteKt                                              : loaded 2 times (x 71B)
Class com.google.common.collect.UsingToStringOrdering                                 : loaded 2 times (x 114B)
Class kotlin.text.MatchNamedGroupCollection                                           : loaded 2 times (x 70B)
Class kotlin.jvm.internal.markers.KMutableList                                        : loaded 2 times (x 70B)
Class org.gradle.internal.time.MonotonicClock                                         : loaded 2 times (x 77B)
Class org.gradle.internal.service.ServiceLookupException                              : loaded 2 times (x 82B)
Class com.google.gson.annotations.JsonAdapter                                         : loaded 2 times (x 70B)
Class com.google.common.collect.Lists$ReverseList                                     : loaded 2 times (x 200B)
Class [Lcom.google.common.cache.LocalCache$EntryFactory;                              : loaded 2 times (x 69B)
Class com.google.gson.internal.bind.SerializationDelegatingTypeAdapter                : loaded 2 times (x 74B)
Class com.google.gson.internal.bind.TypeAdapters$18                                   : loaded 2 times (x 75B)
Class com.google.gson.internal.bind.TypeAdapters$5                                    : loaded 2 times (x 75B)
Class com.amazon.ion.BufferConfiguration$Builder                                      : loaded 2 times (x 78B)
Class com.google.common.util.concurrent.ExecutionError                                : loaded 2 times (x 82B)
Class org.jetbrains.plugins.gradle.tooling.serialization.internal.IdeaProjectSerializationService$WriteContext$5: loaded 2 times (x 83B)
Class com.intellij.gradle.toolingExtension.impl.model.sourceSetDependencyModel.GradleSourceSetDependencySerialisationService$SourceSetDependencyModelWriteContext: loaded 2 times (x 72B)
Class kotlin.sequences.SequencesKt___SequencesKt$sortedWith$1                         : loaded 2 times (x 75B)
Class com.google.common.collect.ImmutableSortedSet                                    : loaded 2 times (x 300B)
Class org.gradle.internal.classloader.ClassLoaderFactory                              : loaded 2 times (x 70B)
Class com.android.builder.model.v2.ide.LibraryInfo                                    : loaded 2 times (x 70B)
Class org.apache.commons.io.CloseableURLConnection                                    : loaded 2 times (x 116B)
Class com.google.common.base.CommonPattern                                            : loaded 2 times (x 74B)
Class com.google.common.cache.LocalCache$LocalManualCache                             : loaded 2 times (x 99B)
Class com.google.common.collect.ImmutableEnumSet                                      : loaded 2 times (x 146B)
Class com.google.gson.internal.bind.ReflectiveTypeAdapterFactory$FieldReflectionAdapter: loaded 2 times (x 77B)
Class com.google.gson.internal.bind.TypeAdapters$19                                   : loaded 2 times (x 75B)
Class com.google.gson.internal.bind.TypeAdapters$6                                    : loaded 2 times (x 75B)
Class com.amazon.ion.impl.bin.IntList                                                 : loaded 2 times (x 77B)
Class com.amazon.ion.impl._Private_RecyclingQueue$ElementIterator                     : loaded 2 times (x 82B)
Class com.amazon.ion.impl.lite._Private_LiteDomTrampoline                             : loaded 2 times (x 71B)
Class com.amazon.ion.IonType                                                          : loaded 2 times (x 79B)
Class org.jetbrains.plugins.gradle.tooling.serialization.internal.IdeaProjectSerializationService$WriteContext$6: loaded 2 times (x 83B)
Class org.jetbrains.plugins.gradle.tooling.util.IntObjectMap                          : loaded 2 times (x 73B)
Class org.gradle.internal.service.CachingServiceLocator                               : loaded 2 times (x 82B)
Class com.google.common.collect.Streams                                               : loaded 2 times (x 71B)
Class com.google.gson.annotations.SerializedName                                      : loaded 2 times (x 70B)
Class com.google.common.collect.AbstractMapBasedMultimap$KeySet                       : loaded 2 times (x 137B)
Class com.google.common.math.IntMath                                                  : loaded 2 times (x 71B)
Class com.google.gson.internal.bind.TypeAdapters$7                                    : loaded 2 times (x 75B)
Class com.amazon.ion.impl.lite.ValueFactoryLite                                       : loaded 2 times (x 218B)
Class org.jetbrains.plugins.gradle.model.RepositoryModels                             : loaded 2 times (x 70B)
Class org.jetbrains.plugins.gradle.tooling.serialization.internal.IdeaProjectSerializationService$WriteContext$7: loaded 2 times (x 83B)
Class com.google.common.collect.RegularImmutableSortedSet                             : loaded 2 times (x 300B)
Class kotlin.collections.AbstractList$SubList                                         : loaded 2 times (x 198B)
Class kotlin.jvm.internal.CallableReference                                           : loaded 2 times (x 106B)
Class com.google.gson.internal.bind.CollectionTypeAdapterFactory$Adapter              : loaded 2 times (x 74B)
Class com.google.gson.internal.bind.TypeAdapters$8                                    : loaded 2 times (x 75B)
Class com.google.common.collect.ImmutableMapEntry                                     : loaded 2 times (x 85B)
Class com.amazon.ion.impl.bin.WriteBuffer                                             : loaded 2 times (x 78B)
Class com.amazon.ion.impl.bin.IonManagedBinaryWriter                                  : loaded 2 times (x 166B)
Class org.jetbrains.plugins.gradle.tooling.serialization.internal.IdeaProjectSerializationService$WriteContext$8: loaded 2 times (x 83B)
Class gnu.trove.TObjectIntProcedure                                                   : loaded 2 times (x 70B)
Class [Lorg.gradle.api.JavaVersion;                                                   : loaded 2 times (x 69B)
Class kotlin.ranges.IntRange                                                          : loaded 2 times (x 93B)
Class org.gradle.tooling.model.idea.IdeaDependencyScope                               : loaded 2 times (x 70B)
Class org.gradle.internal.time.TimeSource                                             : loaded 2 times (x 70B)
Class org.gradle.tooling.model.kotlin.dsl.KotlinDslScriptsModel                       : loaded 2 times (x 70B)
Class com.google.common.collect.ImmutableMultimap                                     : loaded 2 times (x 147B)
Class com.android.builder.model.v2.ide.TestInfo                                       : loaded 2 times (x 70B)
Class com.google.common.base.Equivalence                                              : loaded 2 times (x 82B)
Class com.google.gson.internal.bind.TypeAdapters$9                                    : loaded 2 times (x 75B)
Class com.android.builder.model.v2.models.VariantDependenciesAdjacencyList            : loaded 2 times (x 70B)
Class com.google.common.collect.ImmutableMapEntry$NonTerminalImmutableMapEntry        : loaded 2 times (x 85B)
Class com.amazon.ion.impl.lite.IonBlobLite                                            : loaded 2 times (x 219B)
Class com.amazon.ion.impl.LocalSymbolTable                                            : loaded 2 times (x 121B)
Class org.jetbrains.plugins.gradle.tooling.serialization.SerializationService         : loaded 2 times (x 70B)
Class org.gradle.tooling.internal.gradle.GradleBuildIdentity                          : loaded 2 times (x 70B)
Class kotlin.enums.EnumEntries                                                        : loaded 2 times (x 70B)
Class com.android.builder.model.v2.ide.JavaCompileOptions                             : loaded 2 times (x 70B)
Class org.apache.commons.io.output.AbstractByteArrayOutputStream                      : loaded 2 times (x 102B)
Class com.google.common.cache.CacheBuilder$OneWeigher                                 : loaded 2 times (x 82B)
Class com.google.gson.JsonParseException                                              : loaded 2 times (x 82B)
Class com.google.common.collect.AbstractMapBasedMultimap$WrappedCollection            : loaded 2 times (x 124B)
Class com.amazon.ion.IonList                                                          : loaded 2 times (x 70B)
Class org.jetbrains.plugins.gradle.tooling.serialization.internal.adapter.Supplier    : loaded 2 times (x 70B)
Class org.gradle.tooling.internal.adapter.ProtocolToModelAdapter$MixInMappingAction   : loaded 2 times (x 80B)
Class org.gradle.internal.exceptions.ResolutionProvider                               : loaded 2 times (x 70B)
Class com.amazon.ion.IonSystem                                                        : loaded 2 times (x 70B)
Class com.amazon.ion.impl.bin.IonManagedBinaryWriter$ImportedSymbolContext            : loaded 2 times (x 72B)
Class kotlin.text.MatchResult$DefaultImpls                                            : loaded 2 times (x 71B)
Class org.gradle.tooling.model.idea.IdeaCompilerOutput                                : loaded 2 times (x 70B)
Class org.gradle.tooling.model.ProjectIdentifier                                      : loaded 2 times (x 70B)
Class org.gradle.internal.classloader.ClasspathUtil                                   : loaded 2 times (x 71B)
Class com.android.builder.model.v2.ide.ComponentInfo                                  : loaded 2 times (x 70B)
Class com.google.common.util.concurrent.Uninterruptibles                              : loaded 2 times (x 71B)
Class org.jetbrains.kotlin.tooling.core.HasExtras                                     : loaded 2 times (x 70B)
Class com.android.builder.model.v2.ide.ProjectType                                    : loaded 2 times (x 79B)
Class com.intellij.gradle.toolingExtension.impl.model.sourceSetModel.GradleSourceSetSerialisationService: loaded 2 times (x 77B)
Class kotlin.io.FileSystemException                                                   : loaded 2 times (x 82B)
Class com.android.builder.model.v2.dsl.BaseConfig                                     : loaded 2 times (x 70B)
Class com.google.common.util.concurrent.LazyLogger                                    : loaded 2 times (x 72B)
Class com.google.common.collect.Maps                                                  : loaded 2 times (x 71B)
Class com.amazon.ion.impl.lite.IonIntLite                                             : loaded 2 times (x 189B)
Class com.amazon.ion.impl._Private_IonReaderBuilder$TwoElementInputStream             : loaded 2 times (x 92B)
Class com.amazon.ion.util._Private_FastAppendable                                     : loaded 2 times (x 70B)
Class [Lcom.amazon.ion.impl.bin.IonRawBinaryWriter$PreallocationMode;                 : loaded 2 times (x 69B)
Class org.gradle.internal.time.TimeSource$1                                           : loaded 2 times (x 77B)
Class kotlin.jvm.internal.DefaultConstructorMarker                                    : loaded 2 times (x 71B)
Class org.gradle.api.specs.Spec                                                       : loaded 2 times (x 70B)
Class org.apache.commons.io.file.PathFilter                                           : loaded 2 times (x 70B)
Class com.google.gson.internal.sql.SqlDateTypeAdapter                                 : loaded 2 times (x 74B)
Class [Lcom.google.common.collect.ImmutableEntry;                                     : loaded 2 times (x 69B)
Class com.amazon.ion.impl.lite.IonSexpLite                                            : loaded 2 times (x 490B)
Class com.amazon.ion.impl.lite.IonListLite                                            : loaded 2 times (x 490B)
Class com.amazon.ion.IonFloat                                                         : loaded 2 times (x 70B)
Class com.google.common.cache.LocalCache$LoadingValueReference                        : loaded 2 times (x 96B)
Class com.amazon.ion.impl.LocalSymbolTable$Factory                                    : loaded 2 times (x 77B)
Class com.amazon.ion.impl.bin.IonManagedBinaryWriter$ImportedSymbolResolverMode       : loaded 2 times (x 80B)
Class com.intellij.gradle.toolingExtension.impl.model.buildScriptClasspathModel.GradleBuildScriptClasspathSerializationService: loaded 2 times (x 77B)
Class com.google.common.base.Platform                                                 : loaded 2 times (x 71B)
Class com.google.gson.internal.bind.ReflectiveTypeAdapterFactory$RecordAdapter        : loaded 2 times (x 77B)
Class com.amazon.ion.impl.LocalSymbolTableAsStruct                                    : loaded 2 times (x 126B)
Class com.amazon.ion.impl.lite.IonTimestampLite                                       : loaded 2 times (x 192B)
Class org.jetbrains.plugins.gradle.model.FileCollectionDependency                     : loaded 2 times (x 70B)
Class com.intellij.gradle.toolingExtension.impl.model.utilDummyModel.DummyModel       : loaded 2 times (x 70B)
Class kotlin.text.StringsKt__RegexExtensionsKt                                        : loaded 2 times (x 71B)
Class kotlin.collections.EmptyIterator                                                : loaded 2 times (x 89B)
Class org.gradle.internal.time.Clock                                                  : loaded 2 times (x 70B)
Class com.google.common.collect.AbstractMapBasedMultimap$WrappedList                  : loaded 2 times (x 205B)
Class com.android.builder.model.v2.dsl.ProductFlavor                                  : loaded 2 times (x 70B)
Class [Lcom.android.builder.model.v2.ide.TestInfo$Execution;                          : loaded 2 times (x 69B)
Class com.google.gson.internal.reflect.ReflectionHelper$RecordNotSupportedHelper      : loaded 2 times (x 78B)
Class [Lorg.objectweb.asm.AnnotationWriter;                                           : loaded 2 times (x 69B)
Class com.google.gson.JsonIOException                                                 : loaded 2 times (x 82B)
Class com.google.common.collect.Maps$8                                                : loaded 2 times (x 82B)
Class com.amazon.ion.IonString                                                        : loaded 2 times (x 70B)
Class org.jetbrains.plugins.gradle.model.GradleSourceSetDependencyModel               : loaded 2 times (x 70B)
Class kotlin.io.FilePathComponents                                                    : loaded 2 times (x 72B)
Class com.google.common.collect.CompoundOrdering                                      : loaded 2 times (x 115B)
Class kotlin.sequences.SequencesKt__SequencesJVMKt                                    : loaded 2 times (x 71B)
Class kotlin.coroutines.jvm.internal.RestrictedSuspendLambda                          : loaded 2 times (x 91B)
Class org.gradle.tooling.internal.adapter.TypeInspector                               : loaded 2 times (x 73B)
Class org.gradle.tooling.internal.adapter.ProtocolToModelAdapter$NoOpDecoration       : loaded 2 times (x 79B)
Class org.gradle.tooling.model.Element                                                : loaded 2 times (x 70B)
Class kotlin.collections.AbstractList                                                 : loaded 2 times (x 197B)
Class kotlin.collections.AbstractCollection                                           : loaded 2 times (x 117B)
Class com.google.common.collect.Lists$ReverseList$1                                   : loaded 2 times (x 99B)
Class com.google.common.collect.Sets$SetView                                          : loaded 2 times (x 138B)
Class com.google.common.cache.LocalCache$StrongValueReference                         : loaded 2 times (x 90B)
Class org.jetbrains.kotlin.tooling.core.Extras                                        : loaded 2 times (x 70B)
Class com.amazon.ion.BufferConfiguration                                              : loaded 2 times (x 73B)
Class com.amazon.ion.system.SimpleCatalog                                             : loaded 2 times (x 91B)
Class com.intellij.gradle.toolingExtension.impl.model.taskModel.GradleTaskSerialisationService: loaded 2 times (x 76B)
Class com.android.ide.gradle.model.LegacyV1AgpVersionModel                            : loaded 2 times (x 70B)
Class kotlin.text.StringsKt__StringBuilderJVMKt                                       : loaded 2 times (x 71B)
Class com.google.common.collect.ImmutableRangeSet$Builder                             : loaded 2 times (x 77B)
Class kotlin.text.Regex                                                               : loaded 2 times (x 72B)
Class kotlin.sequences.SequencesKt__SequenceBuilderKt$sequence$$inlined$Sequence$1    : loaded 2 times (x 75B)
Class kotlin.Triple                                                                   : loaded 2 times (x 72B)
Class com.google.common.graph.SuccessorsFunction                                      : loaded 2 times (x 70B)
Class org.objectweb.asm.Type                                                          : loaded 2 times (x 72B)
Class com.google.gson.LongSerializationPolicy$1                                       : loaded 2 times (x 80B)
Class org.jetbrains.plugins.gradle.tooling.util.IntObjectMap$1                        : loaded 2 times (x 77B)
Class org.gradle.tooling.model.internal.ImmutableDomainObjectSet                      : loaded 2 times (x 155B)
Class org.gradle.internal.classloader.VisitableURLClassLoader$InstrumentingVisitableURLClassLoader: loaded 2 times (x 123B)
Class org.apache.commons.io.FileUtils                                                 : loaded 2 times (x 71B)
Class com.google.common.io.Files$FileByteSink                                         : loaded 2 times (x 77B)
Class com.android.builder.model.v2.ide.AndroidGradlePluginProjectFlags                : loaded 2 times (x 70B)
Class [Lcom.android.builder.model.v2.ide.AndroidGradlePluginProjectFlags$BooleanFlag; : loaded 2 times (x 69B)
Class com.android.builder.model.v2.ide.BasicVariant                                   : loaded 2 times (x 70B)
Class com.google.common.math.IntMath$1                                                : loaded 2 times (x 71B)
Class org.objectweb.asm.ByteVector                                                    : loaded 2 times (x 79B)
Class [Lcom.google.common.cache.CacheBuilder$NullListener;                            : loaded 2 times (x 69B)
Class com.google.gson.LongSerializationPolicy$2                                       : loaded 2 times (x 80B)
Class [Lcom.amazon.ion.impl.bin.IonRawBinaryWriter$StreamFlushMode;                   : loaded 2 times (x 69B)
Class com.amazon.ion.UnsupportedIonVersionException                                   : loaded 2 times (x 85B)
Class kotlin.comparisons.ComparisonsKt__ComparisonsKt                                 : loaded 2 times (x 71B)
Class kotlin.ranges.RangesKt__RangesKt                                                : loaded 2 times (x 71B)
Class kotlin.collections.SetsKt___SetsKt                                              : loaded 2 times (x 71B)
Class kotlin.sequences.SequencesKt__SequencesKt                                       : loaded 2 times (x 71B)
Class kotlin.coroutines.Continuation                                                  : loaded 2 times (x 70B)
Class org.gradle.internal.classloader.VisitableURLClassLoader$Spec                    : loaded 2 times (x 74B)
Class org.gradle.internal.classpath.DefaultClassPath                                  : loaded 2 times (x 90B)
Class com.google.common.base.AbstractIterator                                         : loaded 2 times (x 80B)
Class com.android.builder.model.v2.ide.BundleInfo                                     : loaded 2 times (x 70B)
Class com.android.builder.model.v2.ide.SourceProvider                                 : loaded 2 times (x 70B)
Class org.objectweb.asm.Symbol                                                        : loaded 2 times (x 73B)
Class com.amazon.ion.impl.bin.IonManagedBinaryWriter$SymbolState                      : loaded 2 times (x 80B)
Class com.amazon.ion.IonStruct                                                        : loaded 2 times (x 70B)
Class org.jetbrains.plugins.gradle.model.GradleBuildScriptClasspathModel              : loaded 2 times (x 70B)
Class kotlin.sequences.FilteringSequence                                              : loaded 2 times (x 75B)
Class kotlin.text.CharsKt__CharJVMKt                                                  : loaded 2 times (x 71B)
Class kotlin.comparisons.ComparisonsKt                                                : loaded 2 times (x 71B)
Class kotlin.comparisons.ComparisonsKt___ComparisonsKt                                : loaded 2 times (x 71B)
Class kotlin.coroutines.jvm.internal.BaseContinuationImpl                             : loaded 2 times (x 87B)
Class kotlin.Result$Companion                                                         : loaded 2 times (x 71B)
Class org.gradle.util.internal.DefaultGradleVersion                                   : loaded 2 times (x 82B)
Class com.google.common.io.Closer                                                     : loaded 2 times (x 78B)
Class org.gradle.internal.classloader.ClassLoaderHierarchy                            : loaded 2 times (x 70B)
Class [Lcom.google.gson.Strictness;                                                   : loaded 2 times (x 69B)
Class com.google.gson.reflect.TypeToken                                               : loaded 2 times (x 75B)
Class com.google.common.collect.RegularImmutableMap$Values                            : loaded 2 times (x 207B)
Class kotlin.collections.CollectionsKt__ReversedViewsKt                               : loaded 2 times (x 71B)
Class org.gradle.internal.classloader.ClassLoaderSpec                                 : loaded 2 times (x 71B)
Class org.objectweb.asm.AnnotationWriter                                              : loaded 2 times (x 79B)
Class com.google.common.cache.CacheStats                                              : loaded 2 times (x 71B)
Class com.google.gson.internal.sql.SqlTimestampTypeAdapter$1                          : loaded 2 times (x 75B)
Class com.google.gson.JsonPrimitive                                                   : loaded 2 times (x 93B)
Class com.amazon.ion.impl.IonWriterSystemTextMarkup                                   : loaded 2 times (x 192B)
Class com.amazon.ion.impl.bin.BlockAllocator                                          : loaded 2 times (x 80B)
Class kotlin.jvm.internal.FunctionReferenceImpl                                       : loaded 2 times (x 122B)
Class kotlin.collections.CollectionsKt___CollectionsJvmKt                             : loaded 2 times (x 71B)
Class com.google.common.io.Closer$Suppressor                                          : loaded 2 times (x 70B)
Class com.google.common.io.LineProcessor                                              : loaded 2 times (x 70B)
Class com.google.common.collect.ImmutableMultisetGwtSerializationDependencies         : loaded 2 times (x 125B)
Class [Lcom.google.gson.ReflectionAccessFilter$FilterResult;                          : loaded 2 times (x 69B)
Class org.objectweb.asm.RecordComponentWriter                                         : loaded 2 times (x 78B)
Class com.google.common.util.concurrent.AbstractFuture$Listener                       : loaded 2 times (x 72B)
Class [Lcom.android.builder.model.v2.ide.ProjectType;                                 : loaded 2 times (x 69B)
Class kotlin.sequences.SequencesKt__SequenceBuilderKt                                 : loaded 2 times (x 71B)
Class com.google.gson.JsonElement                                                     : loaded 2 times (x 92B)
Class Settings_gradle$1$1                                                             : loaded 2 times (x 74B)
Class com.amazon.ion.impl._Private_RecyclingQueue                                     : loaded 2 times (x 80B)
Class com.amazon.ion.system.IonWriterBuilderBase                                      : loaded 2 times (x 83B)
Class kotlin.TuplesKt                                                                 : loaded 2 times (x 71B)
Class kotlin.jvm.internal.markers.KMutableIterable                                    : loaded 2 times (x 70B)
Class kotlin.Unit                                                                     : loaded 2 times (x 71B)
Class kotlin.sequences.SequencesKt___SequencesJvmKt                                   : loaded 2 times (x 71B)
Class org.gradle.tooling.internal.adapter.ProtocolToModelAdapter$DefaultViewBuilder   : loaded 2 times (x 80B)
Class [Lcom.android.builder.model.v2.ide.AaptOptions$Namespacing;                     : loaded 2 times (x 69B)
Class org.objectweb.asm.Attribute                                                     : loaded 2 times (x 77B)
Class com.android.ide.common.gradle.Version$Companion$ParseState                      : loaded 2 times (x 70B)
Class com.google.common.base.Supplier                                                 : loaded 2 times (x 70B)
Class com.google.gson.internal.bind.CollectionTypeAdapterFactory                      : loaded 2 times (x 75B)
Class kotlin.ranges.RangesKt                                                          : loaded 2 times (x 71B)
Class org.gradle.tooling.internal.adapter.ProtocolToModelAdapter$ViewGraphDetails$1   : loaded 2 times (x 77B)
Class org.gradle.internal.classloader.VisitableURLClassLoader                         : loaded 2 times (x 117B)
Class com.android.ide.common.repository.AgpVersion$Companion                          : loaded 2 times (x 71B)
Class Settings_gradle                                                                 : loaded 2 times (x 124B)
Class com.amazon.ion.impl.bin.IonRawBinaryWriter$1                                    : loaded 2 times (x 77B)
Class [Lcom.amazon.ion.SymbolTable;                                                   : loaded 2 times (x 69B)
Class com.amazon.ion.impl.bin.IonBinaryWriterAdapter$Factory                          : loaded 2 times (x 70B)
Class com.amazon.ion.impl.BlockedBuffer$BufferedOutputStream                          : loaded 2 times (x 90B)
Class org.jetbrains.plugins.gradle.tooling.serialization.ExternalTestsSerializationService$ReadContext: loaded 2 times (x 72B)
Class kotlin.sequences.FlatteningSequence$iterator$1                                  : loaded 2 times (x 79B)
Class kotlin.jvm.functions.Function0                                                  : loaded 2 times (x 70B)
Class kotlin.collections.ArraysUtilJVM                                                : loaded 2 times (x 71B)
Class kotlin.io.FilesKt__FileTreeWalkKt                                               : loaded 2 times (x 71B)
Class kotlin.jvm.internal.CollectionToArray                                           : loaded 2 times (x 71B)
Class org.gradle.tooling.model.idea.IdeaDependency                                    : loaded 2 times (x 70B)
Class com.android.builder.model.v2.ide.AaptOptions                                    : loaded 2 times (x 70B)
Class [Lcom.android.builder.model.v2.ide.BytecodeTransformation;                      : loaded 2 times (x 69B)
Class com.google.common.base.Strings                                                  : loaded 2 times (x 71B)
Class com.google.common.collect.Sets                                                  : loaded 2 times (x 71B)
Class org.objectweb.asm.Handler                                                       : loaded 2 times (x 72B)
Class com.android.ide.common.gradle.Version$Companion                                 : loaded 2 times (x 71B)
Class com.google.common.base.Ticker                                                   : loaded 2 times (x 72B)
Class kotlin.sequences.FilteringSequence$iterator$1                                   : loaded 2 times (x 79B)
Class com.google.gson.internal.bind.TreeTypeAdapter                                   : loaded 2 times (x 75B)
Class com.google.gson.internal.sql.SqlTimeTypeAdapter                                 : loaded 2 times (x 74B)
Class com.amazon.ion.impl.bin.AbstractIonWriter$WriteValueOptimization                : loaded 2 times (x 79B)
Class kotlin.collections.AbstractMutableList                                          : loaded 2 times (x 206B)
Class kotlin.jvm.functions.Function1                                                  : loaded 2 times (x 70B)
Class com.android.builder.model.v2.models.ndk.NativeModelBuilderParameter             : loaded 2 times (x 70B)
Class [Lcom.google.common.cache.LocalCache$Segment;                                   : loaded 2 times (x 69B)
Class [Lcom.google.common.cache.LocalCache$Strength;                                  : loaded 2 times (x 69B)
Class com.google.common.cache.CacheBuilder$1                                          : loaded 2 times (x 85B)
Class com.intellij.gradle.toolingExtension.impl.model.sourceSetModel.GradleSourceSetSerialisationService$Companion: loaded 2 times (x 71B)
Class com.google.gson.internal.bind.TypeAdapters$20                                   : loaded 2 times (x 75B)
Class com.google.common.collect.ImmutableMap                                          : loaded 2 times (x 120B)
Class com.amazon.ion.impl.bin.BlockAllocatorProvider                                  : loaded 2 times (x 72B)
Class org.jetbrains.plugins.gradle.tooling.serialization.internal.IdeaProjectSerializationService$WriteContext: loaded 2 times (x 72B)
Class com.intellij.gradle.toolingExtension.impl.model.sourceSetDependencyModel.GradleSourceSetDependencySerialisationService: loaded 2 times (x 77B)
Class org.jetbrains.plugins.gradle.model.GradleSourceSetModel                         : loaded 2 times (x 70B)
Class kotlin.KotlinNothingValueException                                              : loaded 2 times (x 82B)
Class kotlin.jvm.functions.Function2                                                  : loaded 2 times (x 70B)
Class org.gradle.internal.classpath.DefaultClassPath$ImmutableUniqueList$Builder      : loaded 2 times (x 75B)
Class com.google.common.cache.LocalCache                                              : loaded 2 times (x 187B)
Class com.google.common.cache.CacheBuilder$2                                          : loaded 2 times (x 79B)
Class com.amazon.ion.impl._Private_IonValue                                           : loaded 2 times (x 70B)
Class com.google.gson.internal.bind.TypeAdapters$21                                   : loaded 2 times (x 75B)
Class com.google.gson.FieldNamingPolicy$1                                             : loaded 2 times (x 83B)
Class com.amazon.ion.impl.lite.IonSequenceLite                                        : loaded 2 times (x 432B)
Class com.amazon.ion.impl._Private_Utils$1                                            : loaded 2 times (x 89B)
Class com.amazon.ion.impl.SymbolTableAsStruct                                         : loaded 2 times (x 70B)
Class com.android.ide.gradle.model.dependencies.Coordinates                           : loaded 2 times (x 70B)
Class com.google.common.collect.AbstractRangeSet                                      : loaded 2 times (x 114B)
Class kotlin.collections.MapsKt___MapsJvmKt                                           : loaded 2 times (x 71B)
Class org.gradle.tooling.internal.adapter.WeakIdentityHashMap$AbsentValueProvider     : loaded 2 times (x 70B)
Class com.google.common.collect.ArrayListMultimap                                     : loaded 2 times (x 172B)
Class com.google.common.cache.CacheBuilder$3                                          : loaded 2 times (x 72B)
Class com.google.gson.internal.bind.TypeAdapters$22                                   : loaded 2 times (x 75B)
Class com.google.gson.FieldNamingPolicy$2                                             : loaded 2 times (x 83B)
Class com.google.gson.internal.Excluder$1                                             : loaded 2 times (x 74B)
Class [Lcom.google.common.collect.AbstractMapEntry;                                   : loaded 2 times (x 69B)
Class com.google.common.collect.ImmutableEntry                                        : loaded 2 times (x 82B)
Class com.amazon.ion.impl.bin.AbstractIonWriter                                       : loaded 2 times (x 161B)
Class gnu.trove.TObjectHash                                                           : loaded 2 times (x 94B)
Class org.jetbrains.plugins.gradle.tooling.util.ObjectCollector$Processor             : loaded 2 times (x 70B)
Class kotlin.jvm.functions.Function4                                                  : loaded 2 times (x 70B)
Class kotlin.collections.EmptySet                                                     : loaded 2 times (x 122B)
Class kotlin.annotation.Target                                                        : loaded 2 times (x 70B)
Class kotlin.collections.CollectionsKt___CollectionsKt                                : loaded 2 times (x 71B)
Class com.amazon.ion.impl.bin.IonManagedBinaryWriter$UserState$2                      : loaded 2 times (x 85B)
Class org.gradle.internal.exceptions.NonGradleCauseExceptionsHolder                   : loaded 2 times (x 70B)
Class org.gradle.tooling.model.idea.IdeaModuleDependency                              : loaded 2 times (x 70B)
Class org.gradle.tooling.internal.adapter.ViewBuilder                                 : loaded 2 times (x 70B)
Class com.android.builder.model.v2.ide.AndroidLibraryData                             : loaded 2 times (x 70B)
Class com.android.builder.model.v2.ide.ApiVersion                                     : loaded 2 times (x 70B)
Class org.apache.commons.io.StandardLineSeparator                                     : loaded 2 times (x 79B)
Class com.android.ide.common.gradle.Version                                           : loaded 2 times (x 75B)
Class com.google.gson.internal.bind.TypeAdapters$23                                   : loaded 2 times (x 75B)
Class com.google.gson.FieldNamingPolicy$3                                             : loaded 2 times (x 83B)
Class com.google.common.collect.CollectPreconditions                                  : loaded 2 times (x 71B)
Class com.amazon.ion.system.IonReaderBuilder                                          : loaded 2 times (x 95B)
Class org.jetbrains.plugins.gradle.model.AnnotationProcessingConfig                   : loaded 2 times (x 70B)
Class com.amazon.ion.IonReader                                                        : loaded 2 times (x 70B)
Class gnu.trove.Equality                                                              : loaded 2 times (x 70B)
Class kotlin.text.StringsKt___StringsJvmKt                                            : loaded 2 times (x 71B)
Class kotlin.reflect.KDeclarationContainer                                            : loaded 2 times (x 70B)
Class kotlin.annotation.Retention                                                     : loaded 2 times (x 70B)
Class [Lcom.google.common.io.FileWriteMode;                                           : loaded 2 times (x 69B)
Class com.android.builder.model.v2.models.Versions$Version                            : loaded 2 times (x 70B)
Class com.google.gson.internal.bind.TypeAdapters$24                                   : loaded 2 times (x 75B)
Class com.google.gson.FieldNamingPolicy$4                                             : loaded 2 times (x 83B)
Class com.google.common.collect.SortedMapDifference                                   : loaded 2 times (x 70B)
Class com.amazon.ion.IonClob                                                          : loaded 2 times (x 70B)
Class org.jetbrains.plugins.gradle.tooling.ModelBuilderService$Parameter              : loaded 2 times (x 70B)
Class kotlin.io.FilesKt                                                               : loaded 2 times (x 71B)
Class kotlin.collections.MapsKt___MapsKt                                              : loaded 2 times (x 71B)
Class kotlin.collections.ArraysKt___ArraysKt                                          : loaded 2 times (x 71B)
Class com.google.common.io.Files                                                      : loaded 2 times (x 71B)
Class com.google.common.cache.LocalCache$EntryFactory                                 : loaded 2 times (x 83B)
Class com.google.gson.internal.bind.TypeAdapters$25                                   : loaded 2 times (x 75B)
Class com.google.gson.FieldNamingPolicy$5                                             : loaded 2 times (x 83B)
Class com.amazon.ion.impl.lite.IonLobLite                                             : loaded 2 times (x 184B)
Class com.amazon.ion.impl.lite.IonTextLite                                            : loaded 2 times (x 181B)
Class com.amazon.ion.IonNumber                                                        : loaded 2 times (x 70B)
Class gnu.trove.TObjectHashingStrategy                                                : loaded 2 times (x 70B)
Class kotlin.collections.MapsKt__MapWithDefaultKt                                     : loaded 2 times (x 71B)
Class org.gradle.tooling.internal.adapter.ProtocolToModelAdapter$ReflectionMethodInvoker: loaded 2 times (x 76B)
Class com.google.common.cache.LocalCache$AbstractReferenceEntry                       : loaded 2 times (x 107B)
Class [Lcom.android.ide.common.gradle.Separator;                                      : loaded 2 times (x 69B)
Class org.jetbrains.kotlin.tooling.core.HasMutableExtras                              : loaded 2 times (x 70B)
Class com.google.gson.internal.bind.ArrayTypeAdapter                                  : loaded 2 times (x 74B)
Class com.google.gson.internal.bind.TypeAdapters$26                                   : loaded 2 times (x 75B)
Class com.google.gson.FieldNamingPolicy$6                                             : loaded 2 times (x 83B)
Class [Lcom.amazon.ion.impl.bin.IonManagedBinaryWriter$UserState;                     : loaded 2 times (x 69B)
Class com.amazon.ion.impl.bin.utf8.Utf8StringEncoder                                  : loaded 2 times (x 80B)
Class com.amazon.ion.IonBool                                                          : loaded 2 times (x 70B)
Class kotlin.text.StringsKt___StringsKt                                               : loaded 2 times (x 71B)
Class com.google.common.collect.NullsLastOrdering                                     : loaded 2 times (x 115B)
Class kotlin.collections.CollectionsKt__MutableCollectionsJVMKt                       : loaded 2 times (x 71B)
Class [Lcom.google.common.base.AbstractIterator$State;                                : loaded 2 times (x 69B)
Class kotlin.enums.EnumEntriesKt                                                      : loaded 2 times (x 71B)
Class com.google.gson.internal.reflect.ReflectionHelper                               : loaded 2 times (x 71B)
Class com.android.builder.model.v2.models.VariantDependencies                         : loaded 2 times (x 70B)
Class org.objectweb.asm.SymbolTable                                                   : loaded 2 times (x 72B)
Class com.google.common.cache.CacheLoader$InvalidCacheLoadException                   : loaded 2 times (x 82B)
Class com.google.gson.internal.bind.TypeAdapters$27                                   : loaded 2 times (x 75B)
Class com.google.gson.FieldNamingPolicy$7                                             : loaded 2 times (x 83B)
Class com.google.common.io.FileWriteMode                                              : loaded 2 times (x 79B)
Class com.amazon.ion.IonLoader                                                        : loaded 2 times (x 70B)
Class com.intellij.gradle.toolingExtension.model.repositoryModel.ProjectRepositoriesModel: loaded 2 times (x 70B)
Class org.jetbrains.plugins.gradle.model.GradleProperty                               : loaded 2 times (x 70B)
Class gnu.trove.TObjectCanonicalHashingStrategy                                       : loaded 2 times (x 78B)
Class com.google.common.collect.ImmutableRangeSet$ComplementRanges                    : loaded 2 times (x 207B)
Class org.gradle.internal.classloader.SystemClassLoaderSpec                           : loaded 2 times (x 71B)
Class com.android.builder.model.v2.ide.TestedTargetVariant                            : loaded 2 times (x 70B)
Class com.google.common.cache.LocalCache$StrongEntry                                  : loaded 2 times (x 108B)
Class com.google.common.util.concurrent.AbstractFuture$TrustedFuture                  : loaded 2 times (x 114B)
Class com.google.common.cache.LoadingCache                                            : loaded 2 times (x 70B)
Class [Lcom.google.gson.LongSerializationPolicy;                                      : loaded 2 times (x 69B)
Class com.amazon.ion.impl._Private_Utils                                              : loaded 2 times (x 71B)
Class kotlin.ranges.IntRange$Companion                                                : loaded 2 times (x 71B)
Class kotlin.text.MatcherMatchResult$groups$1                                         : loaded 2 times (x 151B)
Class kotlin.collections.EmptyMap                                                     : loaded 2 times (x 108B)
Class kotlin.reflect.KAnnotatedElement                                                : loaded 2 times (x 70B)
Class kotlin.jvm.internal.markers.KMutableCollection                                  : loaded 2 times (x 70B)
Class kotlin.coroutines.intrinsics.IntrinsicsKt                                       : loaded 2 times (x 71B)
Class org.gradle.internal.exceptions.MultiCauseException                              : loaded 2 times (x 70B)
Class org.gradle.internal.time.CountdownTimer                                         : loaded 2 times (x 70B)
Class kotlin.jvm.internal.Intrinsics                                                  : loaded 2 times (x 71B)
Class org.objectweb.asm.MethodWriter                                                  : loaded 2 times (x 106B)
Class [Lcom.google.common.cache.Weigher;                                              : loaded 2 times (x 69B)
Class com.google.gson.internal.bind.MapTypeAdapterFactory                             : loaded 2 times (x 75B)
Class com.google.gson.internal.bind.TypeAdapters$29                                   : loaded 2 times (x 75B)
Class com.google.gson.JsonNull                                                        : loaded 2 times (x 92B)
Class com.google.common.collect.RegularImmutableMap$BucketOverflowException           : loaded 2 times (x 82B)
Class com.intellij.gradle.toolingExtension.impl.model.projectModel.GradleExternalProjectSerializationService$ReadContext: loaded 2 times (x 73B)
Class com.intellij.gradle.toolingExtension.impl.model.dependencyModel.DependencyWriteContext: loaded 2 times (x 72B)
Class kotlin.collections.MapsKt                                                       : loaded 2 times (x 71B)
Class kotlin.coroutines.intrinsics.CoroutineSingletons                                : loaded 2 times (x 79B)
Class kotlin.collections.CollectionsKt__IterablesKt                                   : loaded 2 times (x 71B)
Class org.gradle.tooling.model.ProjectModel                                           : loaded 2 times (x 70B)
Class com.google.common.collect.AbstractMapBasedMultimap$RandomAccessWrappedList      : loaded 2 times (x 205B)
Class com.google.common.collect.ImmutableMultimap$1                                   : loaded 2 times (x 82B)
Class com.android.ide.common.gradle.Version$Companion$ParseState$EMPTY                : loaded 2 times (x 74B)
Class org.jetbrains.plugins.gradle.model.GradleConfiguration                          : loaded 2 times (x 70B)
Class com.amazon.ion.impl.bin.utf8.Utf8StringEncoderPool                              : loaded 2 times (x 74B)
Class com.amazon.ion.impl._Private_IonSystem                                          : loaded 2 times (x 70B)
Class com.amazon.ion.BufferConfiguration$OversizedValueHandler                        : loaded 2 times (x 70B)
Class kotlin.ranges.OpenEndRange                                                      : loaded 2 times (x 70B)
Class kotlin.sequences.SequenceBuilderIterator                                        : loaded 2 times (x 85B)
Class kotlin.KotlinNullPointerException                                               : loaded 2 times (x 83B)
Class com.google.common.collect.ImmutableMultimap$2                                   : loaded 2 times (x 81B)
Class com.android.ide.common.repository.AgpVersion$Companion$WhenMappings             : loaded 2 times (x 71B)
Class com.google.common.collect.RegularImmutableBiMap                                 : loaded 2 times (x 149B)
Class com.google.common.cache.LocalCache$ValueReference                               : loaded 2 times (x 70B)
Class org.gradle.internal.classloader.FilteringClassLoader                            : loaded 2 times (x 105B)
Class kotlin.NotImplementedError                                                      : loaded 2 times (x 82B)
Class com.google.gson.internal.bind.DefaultDateTypeAdapter$DateType$1                 : loaded 2 times (x 73B)
Class com.amazon.ion.IonDecimal                                                       : loaded 2 times (x 70B)
Class org.jetbrains.plugins.gradle.model.tests.ExternalTestsModel                     : loaded 2 times (x 70B)
Class kotlin.ranges.RangesKt___RangesKt                                               : loaded 2 times (x 71B)
Class org.gradle.tooling.model.idea.IdeaLanguageLevel                                 : loaded 2 times (x 70B)
Class org.gradle.tooling.internal.adapter.ProtocolToModelAdapter$SafeMethodInvoker    : loaded 2 times (x 76B)
Class org.gradle.tooling.internal.adapter.WeakIdentityHashMap$WeakKey                 : loaded 2 times (x 79B)
Class org.gradle.internal.exceptions.DefaultMultiCauseException                       : loaded 2 times (x 95B)
Class com.android.builder.model.v2.ide.ProjectInfo                                    : loaded 2 times (x 70B)
Class com.google.common.base.PatternCompiler                                          : loaded 2 times (x 70B)
Class com.google.common.util.concurrent.AbstractFuture$Failure                        : loaded 2 times (x 72B)
Class com.google.common.base.Equivalence$Equals                                       : loaded 2 times (x 82B)
Class com.google.gson.internal.LazilyParsedNumber                                     : loaded 2 times (x 78B)
Class com.google.common.collect.Hashing                                               : loaded 2 times (x 71B)
Class kotlin.sequences.FlatteningSequence                                             : loaded 2 times (x 75B)
Class com.amazon.ion.impl.bin.IonRawBinaryWriter$StreamCloseMode                      : loaded 2 times (x 79B)
Class com.amazon.ion.impl._Private_IonBinaryWriterBuilder$Mutable                     : loaded 2 times (x 115B)
Class com.intellij.gradle.toolingExtension.impl.model.projectModel.GradleExternalProjectSerializationService: loaded 2 times (x 77B)
Class kotlin.text.CharsKt__CharKt                                                     : loaded 2 times (x 71B)
Class kotlin.collections.ArrayDeque$Companion                                         : loaded 2 times (x 71B)
Class kotlin.collections.ArraysKt                                                     : loaded 2 times (x 71B)
Class org.gradle.tooling.model.HierarchicalElement                                    : loaded 2 times (x 70B)
Class ijKotlinCoroutineJvmDebugInit1_3x76rrlefje3juob58y6neet6$_run_closure1          : loaded 2 times (x 139B)
Class ijJvmDebugger1_ec8srfcegv6bhqe6yuztoncih                                        : loaded 2 times (x 171B)
Class com.google.common.io.CharSink                                                   : loaded 2 times (x 79B)
Class com.android.builder.model.v2.dsl.DependenciesInfo                               : loaded 2 times (x 70B)
Class kotlin.text.MatcherMatchResult                                                  : loaded 2 times (x 80B)
Class org.objectweb.asm.Label                                                         : loaded 2 times (x 73B)
Class org.objectweb.asm.CurrentFrame                                                  : loaded 2 times (x 73B)
Class org.objectweb.asm.ClassTooLargeException                                        : loaded 2 times (x 83B)
Class kotlin.text.MatchGroupCollection                                                : loaded 2 times (x 70B)
Class com.google.gson.stream.JsonReader                                               : loaded 2 times (x 97B)
Class kotlin.text.StringsKt__StringsKt                                                : loaded 2 times (x 71B)
Class com.amazon.ion.impl.bin.IonRawBinaryWriter$PatchPoint                           : loaded 2 times (x 73B)
Class com.amazon.ion.IonBlob                                                          : loaded 2 times (x 70B)
Class com.amazon.ion.IonLob                                                           : loaded 2 times (x 70B)
Class com.amazon.ion.IonSequence                                                      : loaded 2 times (x 70B)
Class org.jetbrains.plugins.gradle.tooling.serialization.ExternalTestsSerializationService: loaded 2 times (x 77B)
Class com.google.common.collect.ByFunctionOrdering                                    : loaded 2 times (x 115B)
Class kotlin.collections.SetsKt__SetsKt                                               : loaded 2 times (x 71B)
Class kotlin.coroutines.EmptyCoroutineContext                                         : loaded 2 times (x 77B)
Class org.gradle.internal.time.Time                                                   : loaded 2 times (x 71B)
Class com.google.common.collect.Maps$IteratorBasedAbstractMap                         : loaded 2 times (x 125B)
Class com.google.common.collect.Table                                                 : loaded 2 times (x 70B)
Class com.google.gson.internal.reflect.ReflectionHelper$RecordSupportedHelper         : loaded 2 times (x 78B)
Class com.android.builder.model.v2.models.ProjectGraph                                : loaded 2 times (x 70B)
Class com.android.ide.gradle.model.dependencies.DeclaredDependencies                  : loaded 2 times (x 70B)
Class org.objectweb.asm.Frame                                                         : loaded 2 times (x 73B)
Class org.objectweb.asm.MethodVisitor                                                 : loaded 2 times (x 105B)
Class com.android.ide.common.gradle.Version$Companion$ParseState$NUMERIC              : loaded 2 times (x 74B)
Class com.google.common.cache.LocalCache$EntryFactory$1                               : loaded 2 times (x 83B)
Class [Lcom.google.common.cache.RemovalListener;                                      : loaded 2 times (x 69B)
Class org.jetbrains.plugins.gradle.tooling.serialization.internal.IdeaProjectSerializationService$ReadContext: loaded 2 times (x 72B)
Class com.amazon.ion.impl.bin.IonManagedBinaryWriter$UserState$1                      : loaded 2 times (x 85B)
Class com.android.ide.common.repository.AgpVersion$PreviewKind                        : loaded 2 times (x 79B)
Class com.amazon.ion.system.IonTextWriterBuilder                                      : loaded 2 times (x 98B)
Class com.amazon.ion.impl.bin.IonManagedBinaryWriter$ImportedSymbolResolverMode$1$1$1 : loaded 2 times (x 76B)
Class com.amazon.ion.impl._Private_LocalSymbolTableFactory                            : loaded 2 times (x 70B)
Class org.jetbrains.plugins.gradle.tooling.serialization.AnnotationProcessingModelSerializationService: loaded 2 times (x 77B)
Class com.google.common.collect.RangeGwtSerializationDependencies                     : loaded 2 times (x 71B)
Class kotlin.collections.ArraysKt__ArraysJVMKt                                        : loaded 2 times (x 71B)
Class com.google.common.cache.LocalCache$EntryFactory$2                               : loaded 2 times (x 83B)
Class com.google.gson.internal.bind.JsonAdapterAnnotationTypeAdapterFactory           : loaded 2 times (x 75B)
Class com.amazon.ion.impl.lite.IonNullLite                                            : loaded 2 times (x 175B)
Class org.jetbrains.plugins.gradle.model.DependencyAccessorsModel                     : loaded 2 times (x 70B)
Class [Lcom.intellij.openapi.externalSystem.model.project.dependencies.ResolutionState;: loaded 2 times (x 69B)
Class gnu.trove.TObjectIntHashMap                                                     : loaded 2 times (x 109B)
Class kotlin.text.StringsKt__StringBuilderKt                                          : loaded 2 times (x 71B)
Class com.google.common.collect.RangeSet                                              : loaded 2 times (x 70B)
Class kotlin.jvm.internal.CallableReference$NoReceiver                                : loaded 2 times (x 71B)
Class org.gradle.api.internal.classpath.GlobalCacheRootsProvider                      : loaded 2 times (x 70B)
Class org.objectweb.asm.ModuleWriter                                                  : loaded 2 times (x 82B)
Class com.google.common.cache.LocalCache$EntryFactory$3                               : loaded 2 times (x 83B)
Class com.google.common.base.Ticker$1                                                 : loaded 2 times (x 72B)
Class com.google.gson.internal.bind.NumberTypeAdapter                                 : loaded 2 times (x 74B)
Class com.google.common.collect.Maps$BiMapConverter                                   : loaded 2 times (x 90B)
Class com.google.common.collect.ImmutableMapEntrySet$RegularEntrySet                  : loaded 2 times (x 152B)
Class com.amazon.ion.impl.lite.IonClobLite                                            : loaded 2 times (x 220B)
Class com.amazon.ion.impl._Private_ValueFactory                                       : loaded 2 times (x 70B)
Class com.amazon.ion.impl.bin.IonRawBinaryWriter$PreallocationMode$1                  : loaded 2 times (x 82B)
Class [Lcom.amazon.ion.impl.bin._Private_IonManagedBinaryWriterBuilder$AllocatorMode; : loaded 2 times (x 69B)
Class org.jetbrains.kotlin.idea.gradleTooling.KotlinMPPGradleModel                    : loaded 2 times (x 70B)
Class com.intellij.gradle.toolingExtension.impl.model.dependencyDownloadPolicyModel.GradleDependencyDownloadPolicy: loaded 2 times (x 70B)
Class org.gradle.tooling.model.BuildIdentifier                                        : loaded 2 times (x 70B)
Class kotlin.NoWhenBranchMatchedException                                             : loaded 2 times (x 82B)
Class com.android.builder.model.v2.ide.VectorDrawablesOptions                         : loaded 2 times (x 70B)
Class com.google.common.collect.ImmutableSet$Builder                                  : loaded 2 times (x 85B)
Class com.google.common.cache.LocalCache$EntryFactory$4                               : loaded 2 times (x 83B)
Class com.google.common.collect.RegularImmutableMap$KeySet                            : loaded 2 times (x 152B)
Class com.google.gson.ToNumberPolicy$1                                                : loaded 2 times (x 83B)
Class [Lcom.google.gson.FieldNamingStrategy;                                          : loaded 2 times (x 69B)
Class com.google.gson.internal.Excluder                                               : loaded 2 times (x 75B)
Class com.amazon.ion.IonInt                                                           : loaded 2 times (x 70B)
Class com.amazon.ion.impl.bin.IonRawBinaryWriter$PreallocationMode$2                  : loaded 2 times (x 82B)
Class org.jetbrains.kotlin.idea.gradleTooling.PrepareKotlinIdeImportTaskModel         : loaded 2 times (x 70B)
Class com.android.builder.model.v2.ide.Edge                                           : loaded 2 times (x 70B)
Class com.google.gson.internal.ReflectionAccessFilterHelper                           : loaded 2 times (x 71B)
Class com.google.gson.internal.reflect.ReflectionHelper$RecordHelper                  : loaded 2 times (x 75B)
Class com.android.builder.model.v2.models.VariantDependenciesFlatList                 : loaded 2 times (x 70B)
Class com.google.common.cache.LocalCache$EntryFactory$5                               : loaded 2 times (x 83B)
Class com.google.gson.ToNumberPolicy$2                                                : loaded 2 times (x 83B)
Class com.amazon.ion.impl.bin.IonRawBinaryWriter$PreallocationMode$3                  : loaded 2 times (x 82B)
Class com.android.ide.gradle.model.GradlePluginModel                                  : loaded 2 times (x 70B)
Class com.google.common.collect.ReverseOrdering                                       : loaded 2 times (x 115B)
Class org.gradle.tooling.model.build.JavaEnvironment                                  : loaded 2 times (x 70B)
Class com.google.gson.internal.bind.ObjectTypeAdapter$1                               : loaded 2 times (x 76B)
Class com.android.builder.model.v2.ide.SourceSetContainer                             : loaded 2 times (x 70B)
Class com.google.gson.internal.bind.ReflectiveTypeAdapterFactory$FieldsData           : loaded 2 times (x 72B)
Class org.apache.commons.io.output.AppendableWriter                                   : loaded 2 times (x 100B)
Class com.google.common.cache.LocalCache$EntryFactory$6                               : loaded 2 times (x 83B)
Class com.google.gson.ToNumberPolicy$3                                                : loaded 2 times (x 83B)
Class org.jetbrains.plugins.gradle.model.GradleExtension                              : loaded 2 times (x 70B)
Class com.amazon.ion.impl.lite.IonDecimalLite                                         : loaded 2 times (x 188B)
Class com.amazon.ion.IonBufferConfiguration$Builder                                   : loaded 2 times (x 78B)
Class org.gradle.internal.time.Timer                                                  : loaded 2 times (x 70B)
Class kotlin.jvm.internal.markers.KMappedMarker                                       : loaded 2 times (x 70B)
Class org.gradle.internal.installation.CurrentGradleInstallationLocator               : loaded 2 times (x 71B)
Class com.google.common.collect.ImmutableMultimap$Builder                             : loaded 2 times (x 86B)
Class com.android.builder.model.v2.ide.LintOptions                                    : loaded 2 times (x 70B)
Class org.apache.commons.io.output.ThresholdingOutputStream                           : loaded 2 times (x 95B)
Class com.google.common.collect.Maps$KeySet                                           : loaded 2 times (x 137B)
Class com.google.common.collect.ImmutableSet$EmptySetBuilderImpl                      : loaded 2 times (x 76B)
Class com.google.common.cache.LocalCache$EntryFactory$7                               : loaded 2 times (x 83B)
Class com.google.gson.ToNumberPolicy$4                                                : loaded 2 times (x 83B)
Class com.google.common.base.Equivalence$Identity                                     : loaded 2 times (x 82B)
Class [Lcom.amazon.ion.impl.bin.IonRawBinaryWriter$ContainerType;                     : loaded 2 times (x 69B)
Class org.gradle.tooling.internal.adapter.ProtocolToModelAdapter$ViewGraphDetails     : loaded 2 times (x 72B)
Class org.gradle.tooling.model.idea.IdeaProject                                       : loaded 2 times (x 70B)
Class org.gradle.tooling.model.DomainObjectSet                                        : loaded 2 times (x 70B)
Class org.gradle.internal.service.DefaultServiceLocator                               : loaded 2 times (x 83B)
Class com.google.common.collect.Maps$EntrySet                                         : loaded 2 times (x 136B)
Class com.google.common.collect.ImmutableMultimap$EntryCollection                     : loaded 2 times (x 128B)
Class com.android.builder.model.v2.ide.BasicArtifact                                  : loaded 2 times (x 70B)
Class com.google.common.cache.LocalCache$EntryFactory$8                               : loaded 2 times (x 83B)
Class com.google.gson.internal.sql.SqlTypesSupport                                    : loaded 2 times (x 71B)
Class com.google.gson.Gson                                                            : loaded 2 times (x 72B)
Class com.google.common.base.PairwiseEquivalence                                      : loaded 2 times (x 83B)
Class com.amazon.ion.impl.bin.utf8.Utf8StringEncoder$Result                           : loaded 2 times (x 74B)
Class com.amazon.ion.impl.bin.utf8.Pool$Allocator                                     : loaded 2 times (x 70B)
Class com.amazon.ion.IonText                                                          : loaded 2 times (x 70B)
Class com.amazon.ion.impl.SymbolTokenImpl                                             : loaded 2 times (x 81B)
Class com.amazon.ion.SubstituteSymbolTableException                                   : loaded 2 times (x 84B)
Class kotlin.coroutines.jvm.internal.SuspendFunction                                  : loaded 2 times (x 70B)
Class org.gradle.util.GradleVersion                                                   : loaded 2 times (x 81B)
Class org.gradle.internal.installation.CurrentGradleInstallation                      : loaded 2 times (x 73B)
Class com.google.common.cache.CacheLoader$1                                           : loaded 2 times (x 75B)
Class com.google.common.collect.ForwardingObject                                      : loaded 2 times (x 72B)
Class com.google.gson.Gson$1                                                          : loaded 2 times (x 76B)
Class com.google.gson.Gson$FutureTypeAdapter                                          : loaded 2 times (x 76B)
Class com.amazon.ion.impl.bin.IonManagedBinaryWriter$ImportDescriptor                 : loaded 2 times (x 76B)
Class com.amazon.ion.SymbolTable                                                      : loaded 2 times (x 70B)
Class org.jetbrains.plugins.gradle.javaModel.JavaGradleManifestModel                  : loaded 2 times (x 70B)
Class org.jetbrains.plugins.gradle.tooling.serialization.GradleExtensionsSerializationService$WriteContext: loaded 2 times (x 72B)
Class com.intellij.gradle.toolingExtension.impl.model.taskModel.GradleTaskSerialisationService$Companion: loaded 2 times (x 71B)
Class kotlin.jvm.internal.Ref$BooleanRef                                              : loaded 2 times (x 71B)
Class kotlin.jvm.internal.StringCompanionObject                                       : loaded 2 times (x 71B)
Class kotlin.coroutines.intrinsics.IntrinsicsKt__IntrinsicsJvmKt                      : loaded 2 times (x 71B)
Class kotlin.coroutines.jvm.internal.CoroutineStackFrame                              : loaded 2 times (x 70B)
Class org.gradle.tooling.internal.adapter.ProtocolToModelAdapter$MethodInvocationCache$MethodInvocationKey: loaded 2 times (x 73B)
Class org.gradle.util.internal.GUtil                                                  : loaded 2 times (x 71B)
Class com.google.common.io.ByteSource                                                 : loaded 2 times (x 84B)
Class com.android.utils.StringHelper                                                  : loaded 2 times (x 71B)
Class com.google.common.cache.AbstractCache$StatsCounter                              : loaded 2 times (x 70B)
Class com.google.gson.Gson$2                                                          : loaded 2 times (x 76B)
Class [Lcom.amazon.ion.impl.bin.IonManagedBinaryWriter$SymbolState;                   : loaded 2 times (x 69B)
Class com.amazon.ion.impl._Private_IonWriterBase                                      : loaded 2 times (x 162B)
Class com.amazon.ion.system.IonSystemBuilder                                          : loaded 2 times (x 75B)
Class com.amazon.ion.IonCatalog                                                       : loaded 2 times (x 70B)
Class com.intellij.gradle.toolingExtension.impl.model.utilTurnOffDefaultTasksModel.TurnOffDefaultTasks: loaded 2 times (x 70B)
Class com.intellij.gradle.toolingExtension.impl.model.sourceSetModel.GradleSourceSetSerialisationService$SourceSetModelReadContext: loaded 2 times (x 72B)
Class sync_studio_tooling_9y7nuhu1qmzq8otcewpkqj6kd                                   : loaded 2 times (x 171B)
Class kotlin.io.NoSuchFileException                                                   : loaded 2 times (x 82B)
Class kotlin.collections.CollectionsKt                                                : loaded 2 times (x 71B)
Class com.android.builder.model.v2.dsl.BuildType                                      : loaded 2 times (x 70B)
Class com.google.gson.internal.bind.ReflectiveTypeAdapterFactory$BoundField           : loaded 2 times (x 75B)
Class com.google.gson.Gson$3                                                          : loaded 2 times (x 75B)
Class com.intellij.gradle.toolingExtension.util.GradleVersionSpecificsUtil            : loaded 2 times (x 71B)
Class com.android.builder.model.v2.ide.ViewBindingOptions                             : loaded 2 times (x 70B)
Class com.intellij.gradle.toolingExtension.impl.model.sourceSetModel.GradleSourceSetSerialisationService$SourceSetModelWriteContext: loaded 2 times (x 72B)
Class ijInit1_8dq7ir35k7rzh8us40umzfeaw                                               : loaded 2 times (x 171B)
Class kotlin.ranges.IntProgressionIterator                                            : loaded 2 times (x 82B)
Class kotlin.coroutines.CoroutineContext                                              : loaded 2 times (x 70B)
Class kotlin.coroutines.jvm.internal.DebugProbesKt                                    : loaded 2 times (x 71B)
Class org.gradle.tooling.internal.adapter.WeakIdentityHashMap                         : loaded 2 times (x 76B)
Class org.gradle.tooling.GradleConnectionException                                    : loaded 2 times (x 83B)
Class org.gradle.tooling.internal.adapter.ProtocolToModelAdapter$1                    : loaded 2 times (x 75B)
Class org.gradle.tooling.internal.adapter.ProtocolToModelAdapter$ViewDecoration       : loaded 2 times (x 70B)
Class org.gradle.internal.installation.GradleInstallation                             : loaded 2 times (x 75B)
Class com.google.common.base.Splitter$Strategy                                        : loaded 2 times (x 70B)
Class com.google.common.collect.Iterables                                             : loaded 2 times (x 71B)
Class com.google.gson.internal.bind.DefaultDateTypeAdapter$1                          : loaded 2 times (x 75B)
Class com.google.gson.Gson$4                                                          : loaded 2 times (x 76B)
Class com.google.gson.internal.ConstructorConstructor                                 : loaded 2 times (x 72B)
Class com.amazon.ion.impl._Private_RecyclingQueue$Recycler                            : loaded 2 times (x 70B)
Class com.amazon.ion.impl.lite.ContainerlessContext                                   : loaded 2 times (x 80B)
Class org.jetbrains.plugins.gradle.tooling.serialization.GradleExtensionsSerializationService$ReadContext: loaded 2 times (x 72B)
Class com.google.common.collect.LexicographicalOrdering                               : loaded 2 times (x 115B)
Class org.gradle.tooling.internal.adapter.MethodInvoker                               : loaded 2 times (x 70B)
Class com.google.gson.ReflectionAccessFilter$FilterResult                             : loaded 2 times (x 79B)
Class com.google.common.collect.Lists$RandomAccessReverseList                         : loaded 2 times (x 200B)
Class com.android.ide.common.gradle.Part                                              : loaded 2 times (x 77B)
Class com.google.gson.Gson$5                                                          : loaded 2 times (x 76B)
Class gnu.trove.PrimeFinder                                                           : loaded 2 times (x 71B)
Class com.amazon.ion.UnexpectedEofException                                           : loaded 2 times (x 84B)
Class com.amazon.ion.IonSexp                                                          : loaded 2 times (x 70B)
Class com.amazon.ion.ReadOnlyValueException                                           : loaded 2 times (x 84B)
Class com.amazon.ion.impl._Private_LocalSymbolTable                                   : loaded 2 times (x 70B)
Class com.amazon.ion.BufferConfiguration$DataHandler                                  : loaded 2 times (x 70B)
Class com.amazon.ion.impl._Private_IonBinaryWriterBuilder                             : loaded 2 times (x 115B)
Class org.jetbrains.plugins.gradle.tooling.serialization.RepositoriesModelSerializationService$WriteContext: loaded 2 times (x 72B)
Class com.android.ide.gradle.model.LegacyAndroidGradlePluginProperties                : loaded 2 times (x 70B)
Class kotlin.ranges.IntProgression                                                    : loaded 2 times (x 81B)
Class kotlin.jvm.KotlinReflectionNotSupportedError                                    : loaded 2 times (x 82B)
Class org.gradle.tooling.model.gradle.GradleScript                                    : loaded 2 times (x 70B)

---------------  S Y S T E M  ---------------

OS:
 Windows 10 , 64 bit Build 19041 (10.0.19041.5915)
OS uptime: 1 days 5:14 hours

CPU: total 12 (initial active 12) (12 cores per cpu, 2 threads per core) family 25 model 80 stepping 0 microcode 0x0, cx8, cmov, fxsr, ht, mmx, 3dnowpref, sse, sse2, sse3, ssse3, sse4a, sse4.1, sse4.2, popcnt, lzcnt, tsc, tscinvbit, avx, avx2, aes, erms, clmul, bmi1, bmi2, adx, sha, fma, vzeroupper, clflush, clflushopt, rdtscp, rdpid, fsrm, f16c, pku, cet_ss
Processor Information for the first 12 processors :
  Max Mhz: 3600, Current Mhz: 3600, Mhz Limit: 3600

Memory: 4k page, system-wide physical 16277M (4900M free)
TotalPageFile size 21442M (AvailPageFile size 5903M)
current process WorkingSet (physical memory assigned to process): 716M, peak: 725M
current process commit charge ("private bytes"): 756M, peak: 766M

vm_info: OpenJDK 64-Bit Server VM (21.0.10+-14961533-b1163.108) for windows-amd64 JRE (21.0.10+-14961533-b1163.108), built on 2026-03-02T19:58:50Z by "builder" with MS VC++ 16.10 / 16.11 (VS2019)

END.
